feature	metadata	value	coef	stderr	N	N.not.0	pval	qval
PWY.7198..pyrimidine.deoxyribonucleotides.de.novo.biosynthesis.IV	Group	PD	1.22958136963912	0.278869114230384	167	155	1.86432813461736e-05	0.00743866925712327
PWY.7117..C4.photosynthetic.carbon.assimilation.cycle..PEPCK.type	Group	PD	1.30423779476068	0.308912300292905	167	147	3.99013251039013e-05	0.00796031435822831
PWY.241..C4.photosynthetic.carbon.assimilation.cycle..NADP.ME.type	Group	PD	1.21990213026379	0.30586399985074	167	147	9.97846306032908e-05	0.00995351690267826
PYRIDNUCSAL.PWY..NAD.salvage.pathway.I..PNC.VI.cycle.	Group	PD	1.62464808199714	0.403281766298728	167	128	8.54602683112077e-05	0.00995351690267826
PWY3O.4107..NAD.salvage.pathway.V..PNC.V.cycle.	Group	PD	1.71324209584005	0.435968245646449	167	128	0.000124848578323357	0.0099629165502039
PWY.5484..glycolysis.II..from.fructose.6.phosphate.	Group	PD	0.56972707423481	0.154023342619106	167	157	0.000294496148552577	0.0195839938787464
GLYCOLYSIS..glycolysis.I..from.glucose.6.phosphate.	Group	PD	0.558985947239588	0.154446654201214	167	157	0.000392552044566806	0.0223754665403079
PWY.5913..partial.TCA.cycle..obligate.autotrophs.	Group	PD	1.08267617842027	0.313382929786416	167	146	0.000700073707862089	0.0349161761796217
ANAEROFRUCAT.PWY..homolactic.fermentation	Group	PD	0.438491225595098	0.13826606590759	167	157	0.00180938982342218	0.0656315035950407
PWY.6293..superpathway.of.L.cysteine.biosynthesis..fungi.	Group	PD	1.29497387778592	0.402655467702637	167	69	0.00156391360680991	0.0656315035950407
PWY.801..homocysteine.and.cysteine.interconversion	Group	PD	1.31328417929072	0.412107651954054	167	69	0.00172113938775982	0.0656315035950407
P124.PWY..Bifidobacterium.shunt	Group	PD	1.07177957224609	0.344422819648386	167	116	0.00219179950972284	0.0728773336982843
PWY.5189..tetrapyrrole.biosynthesis.II..from.glycine.	Group	PD	1.25045730786921	0.408219940854882	167	97	0.00255807791505255	0.0785133144696899
PWY.4041...gamma..glutamyl.cycle	Group	PD	0.704433983913143	0.233710773218591	167	156	0.00298431893949882	0.0850530897757165
PWY.5981..CDP.diacylglycerol.biosynthesis.III	Group	PD	1.44268535345899	0.489614038379833	167	135	0.00367844327561202	0.0912768414298501
PWY.6961..L.ascorbate.degradation.II..bacterial..aerobic.	Group	PD	1.32861454615324	0.450997773159204	167	74	0.00368558524226296	0.0912768414298501
PWY0.301..L.ascorbate.degradation.I..bacterial..anaerobic.	Group	PD	1.43669486984695	0.490607118956934	167	87	0.003888988231347	0.0912768414298501
FASYN.INITIAL.PWY..superpathway.of.fatty.acid.biosynthesis.initiation..E..coli.	Group	PD	0.868656331530597	0.316346664023591	167	55	0.00670425641672725	0.0930870347754634
GLUCONEO.PWY..gluconeogenesis.I	Group	PD	0.357186684340896	0.131329500481062	167	157	0.00723232601012372	0.0930870347754634
PWY.5022..4.aminobutanoate.degradation.V	Group	PD	1.30927071058239	0.477740931889354	167	58	0.0068095522817699	0.0930870347754634
PWY.5918..superpathway.of.heme.b.biosynthesis.from.glutamate	Group	PD	0.94288008603593	0.329421173062523	167	81	0.00475223167720288	0.0930870347754634
PWY.6285..superpathway.of.fatty.acids.biosynthesis..E..coli.	Group	PD	0.825542758836953	0.294057458384772	167	53	0.00559616871246657	0.0930870347754634
PWY.7197..pyrimidine.deoxyribonucleotide.phosphorylation	Group	PD	0.537089282500878	0.189523346568381	167	158	0.00517282762175533	0.0930870347754634
PWY.7204..pyridoxal.5..phosphate.salvage.II..plants.	Group	PD	1.10901350504435	0.406612331197408	167	48	0.0070734753125513	0.0930870347754634
PWY.7209..superpathway.of.pyrimidine.ribonucleosides.degradation	Group	PD	0.90285537207606	0.328217725727755	167	82	0.00660954904543468	0.0930870347754634
PWY.7234..inosine.5..phosphate.biosynthesis.III	Group	PD	0.724220973016388	0.260372445803988	167	154	0.00604129433495842	0.0930870347754634
PWY.7340..9.cis..11.trans.octadecadienoyl.CoA.degradation..isomerase.dependent..yeast.	Group	PD	0.54632605345954	0.189627362028639	167	24	0.00449044361993412	0.0930870347754634
PWY.7761..NAD.salvage.pathway.II..PNC.IV.cycle.	Group	PD	0.588036211834716	0.215220088636121	167	157	0.00697553253254881	0.0930870347754634
PWY0.41..allantoin.degradation.IV..anaerobic.	Group	PD	0.709266667506794	0.249481008356175	167	30	0.00503459981982017	0.0930870347754634
PWY66.389..phytol.degradation	Group	PD	1.48583183290613	0.539688500999851	167	51	0.0065644563236394	0.0930870347754634
PWY66.399..gluconeogenesis.III	Group	PD	0.473936293399999	0.16541045859397	167	154	0.00470985591859268	0.0930870347754634
P105.PWY..TCA.cycle.IV..2.oxoglutarate.decarboxylase.	Group	PD	1.02651424652865	0.381703588726232	167	82	0.00789579785458704	0.0948212472313865
PWY.5692..allantoin.degradation.to.glyoxylate.II	Group	PD	0.424803045505294	0.158978261562818	167	25	0.00829438848563953	0.0948212472313865
PWY.622..starch.biosynthesis	Group	PD	0.85867105232675	0.321850772461731	167	76	0.00839353887864347	0.0948212472313865
PWY.7220..adenosine.deoxyribonucleotides.de.novo.biosynthesis.II	Group	PD	0.508330036683676	0.192391620817437	167	158	0.00903059497441777	0.0948212472313865
PWY.7222..guanosine.deoxyribonucleotides.de.novo.biosynthesis.II	Group	PD	0.508330036683676	0.192391620817437	167	158	0.00903059497441777	0.0948212472313865
PWY.7385..1.3.propanediol.biosynthesis..engineered.	Group	PD	1.05759811242735	0.398541961845072	167	55	0.0087408002932387	0.0948212472313865
URDEGR.PWY..superpathway.of.allantoin.degradation.in.plants	Group	PD	0.424803045505294	0.158978261562818	167	25	0.00829438848563953	0.0948212472313865
UDPNAGSYN.PWY..UDP.N.acetyl.D.glucosamine.biosynthesis.I	Group	PD	0.54608309549581	0.209384979162598	167	156	0.00994187842121344	0.101713063847799
PWY.8187..L.arginine.degradation.XIII..reductive.Stickland.reaction.	Group	PD	0.504122611130783	0.194473053527443	167	157	0.0103906490010814	0.103646723785787
PWY.7858...5Z..dodecenoate.biosynthesis.II	Group	PD	0.906825233151821	0.352443849787293	167	56	0.0109635900166821	0.106694449186736
HEME.BIOSYNTHESIS.II..heme.b.biosynthesis.I..aerobic.	Group	PD	0.908407013217258	0.357932557264957	167	102	0.0120773377889807	0.112066459948914
PWY0.1338..polymyxin.resistance	Group	PD	0.929379888812084	0.36558514754876	167	43	0.0119372769915656	0.112066459948914
PWY.6125..superpathway.of.guanosine.nucleotides.de.novo.biosynthesis.II	Group	PD	0.456791255506121	0.182204633315683	167	158	0.0131426310263445	0.112188772946912
PWY.6126..superpathway.of.adenosine.nucleotides.de.novo.biosynthesis.II	Group	PD	0.4331485557836	0.172913605566455	167	158	0.0132152188684332	0.112188772946912
PWY.7228..superpathway.of.guanosine.nucleotides.de.novo.biosynthesis.I	Group	PD	0.439720256402387	0.174631643804235	167	158	0.0127554628526809	0.112188772946912
PWY.7229..superpathway.of.adenosine.nucleotides.de.novo.biosynthesis.I	Group	PD	0.389944306862068	0.155215533631894	167	158	0.0129558426772392	0.112188772946912
DAPLYSINESYN.PWY..L.lysine.biosynthesis.I	Group	PD	0.640046646735888	0.257552425708713	167	156	0.0139479272184756	0.115942145003579
GLYOXYLATE.BYPASS..glyoxylate.cycle	Group	PD	1.09026681361318	0.444928186370027	167	80	0.0153124978399655	0.117493973810504
PWY.5705..allantoin.degradation.to.glyoxylate.III	Group	PD	0.724163155702783	0.294056277446304	167	35	0.0148180735439383	0.117493973810504
PWY.7328..superpathway.of.UDP.glucose.derived.O.antigen.building.blocks.biosynthesis	Group	PD	0.315143515036789	0.127682798601245	167	157	0.0146002243724385	0.117493973810504
PWY0.1241..ADP.L.glycero..beta..D.manno.heptose.biosynthesis	Group	PD	0.798614050638849	0.325763281665564	167	140	0.0152681407916344	0.117493973810504
PWY0.1477..ethanolamine.utilization	Group	PD	0.777333162580723	0.31874042893641	167	154	0.0157975805480194	0.11892895544641
METHGLYUT.PWY..superpathway.of.methylglyoxal.degradation	Group	PD	0.914291602877497	0.378109893660486	167	93	0.0166921601671371	0.121547834356234
ORNDEG.PWY..superpathway.of.ornithine.degradation	Group	PD	1.13228104049388	0.468664278050365	167	87	0.0167845925339147	0.121547834356234
PWY.5972..stearate.biosynthesis.I..animals.	Group	PD	0.468021059012935	0.194212341750501	167	20	0.0170593451728047	0.121547834356234
PWY.5723..Rubisco.shunt	Group	PD	1.04615015336962	0.435713627271025	167	74	0.0174623036392635	0.122236125474845
PENTOSE.P.PWY..pentose.phosphate.pathway	Group	PD	0.436380193976249	0.185029388471857	167	156	0.0195233276232317	0.134307029683956
CITRULBIO.PWY..L.citrulline.biosynthesis	Group	PD	0.553880957093912	0.237599519729052	167	156	0.020954511975344	0.134862022531847
DARABCATK12.PWY..D.arabinose.degradation.I	Group	PD	0.741309902011441	0.318853545065296	167	46	0.0212940035576601	0.134862022531847
PWY.2941..L.lysine.biosynthesis.II	Group	PD	0.55486186671208	0.236928187966102	167	156	0.0203801958852973	0.134862022531847
PWY.6901..superpathway.of.glucose.and.xylose.degradation	Group	PD	0.350918193161375	0.150760167961027	167	156	0.0211443533973455	0.134862022531847
PWY.8004..Entner.Doudoroff.pathway.I	Group	PD	0.523851853859058	0.224811084585491	167	155	0.0210068644305448	0.134862022531847
PWY.6282..palmitoleate.biosynthesis.I..from..5Z..dodec.5.enoate.	Group	PD	0.736292100473934	0.318320475359867	167	149	0.0219541654805949	0.136328062348707
PWY.7664..oleate.biosynthesis.IV..anaerobic.	Group	PD	0.724574027190747	0.313864399578983	167	149	0.0222088322121954	0.136328062348707
FASYN.ELONG.PWY..fatty.acid.elongation....saturated	Group	PD	0.705333913146125	0.307404839184133	167	149	0.0230232505874815	0.137173229658904
PWY.841..superpathway.of.purine.nucleotides.de.novo.biosynthesis.I	Group	PD	0.354194029473385	0.154380382858982	167	158	0.0230341012209188	0.137173229658904
FAO.PWY..fatty.acid..beta..oxidation.I..generic.	Group	PD	0.742247866540504	0.328032193208021	167	57	0.0249566094702708	0.139273293469663
PWY.5677..succinate.fermentation.to.butanoate	Group	PD	0.333253019440732	0.147384811501933	167	18	0.0250589797720879	0.139273293469663
PWY.7874..L.threonate.degradation	Group	PD	0.566403372536992	0.250625883471246	167	26	0.0251320228817437	0.139273293469663
PWY0.1221..putrescine.degradation.II	Group	PD	0.626360321949998	0.276984282807852	167	30	0.0250432496359217	0.139273293469663
PWY0.862...5Z..dodecenoate.biosynthesis.I	Group	PD	0.724020207665563	0.318807229428725	167	150	0.0244380021432751	0.139273293469663
KETOGLUCONMET.PWY..ketogluconate.metabolism	Group	PD	1.04080461372998	0.46598952294859	167	64	0.0268578917019666	0.146798613549105
ALLANTOINDEG.PWY..superpathway.of.allantoin.degradation.in.yeast	Group	PD	0.637255855429483	0.286659922027859	167	42	0.0275718894637767	0.148664647243877
PWY66.391..fatty.acid..beta..oxidation.VI..mammalian.peroxisome.	Group	PD	0.554409001626216	0.251743400008286	167	39	0.0290324766873542	0.154452775976725
PWY.6305..superpathway.of.putrescine.biosynthesis	Group	PD	0.547593193627413	0.25130901476611	167	155	0.0307525071421123	0.160967247289545
THREOCAT.PWY..superpathway.of.L.threonine.metabolism	Group	PD	0.580378184033906	0.266857139008224	167	27	0.0310638547400876	0.160967247289545
PWY.I9..L.cysteine.biosynthesis.VI..from.L.methionine.	Group	PD	0.4586607647165	0.212508961561646	167	157	0.0323490851077764	0.165478012282087
PWY.4984..urea.cycle	Group	PD	0.551779647689738	0.259477884730062	167	153	0.034948743059626	0.170528519820186
PWY0.1479..tRNA.processing	Group	PD	0.670946728648742	0.314548536496627	167	145	0.0343994938687268	0.170528519820186
PWY0.166..superpathway.of.pyrimidine.deoxyribonucleotides.de.novo.biosynthesis..E..coli.	Group	PD	0.98846475837217	0.465083257248952	167	73	0.0350459614668051	0.170528519820186
PWY0.42..2.methylcitrate.cycle.I	Group	PD	0.759500958929036	0.354907920472704	167	49	0.0338247895777641	0.170528519820186
GLYCOCAT.PWY..glycogen.degradation.I	Group	PD	0.49232768185314	0.232730465743833	167	156	0.0358936145583792	0.172011909205675
TCA..TCA.cycle.I..prokaryotic.	Group	PD	0.745011942206525	0.35279198449098	167	66	0.0362130335169843	0.172011909205675
AST.PWY..L.arginine.degradation.II..AST.pathway.	Group	PD	0.761227827873262	0.362649369160058	167	49	0.0373324559746221	0.17524294039852
PWY.7118..chitin.deacetylation	Group	PD	1.00318393756801	0.480653576008624	167	71	0.0384139265005313	0.176300396271211
TCA.GLYOX.BYPASS..superpathway.of.glyoxylate.bypass.and.TCA	Group	PD	0.73891071917574	0.354083792344249	167	54	0.0384414397884595	0.176300396271211
PWY.5138..fatty.acid..beta..oxidation.IV..unsaturated..even.number.	Group	PD	0.829624479102795	0.399133227481985	167	55	0.0392050170529466	0.177759111410519
GLYCOLYSIS.E.D..superpathway.of.glycolysis.and.the.Entner.Doudoroff.pathway	Group	PD	0.468904597627698	0.227689499438483	167	153	0.0410267516541441	0.179886526483555
PWY.5675..nitrate.reduction.V..assimilatory.	Group	PD	1.00850267835285	0.489588400797221	167	68	0.0409787623730519	0.179886526483555
PWY.7942..5.oxo.L.proline.metabolism	Group	PD	0.715164747710852	0.346991791953186	167	64	0.040868189499982	0.179886526483555
HCAMHPDEG.PWY..3.phenylpropanoate.and.3..3.hydroxyphenyl.propanoate.degradation.to.2.hydroxypentadienoate	Group	PD	0.702042252668636	0.344091212158431	167	45	0.0429166082042084	0.182167305037012
OANTIGEN.PWY..O.antigen.building.blocks.biosynthesis..E..coli.	Group	PD	0.354530761989072	0.173573918528738	167	156	0.0426899503115177	0.182167305037012
PWY.6690..cinnamate.and.3.hydroxycinnamate.degradation.to.2.hydroxypentadienoate	Group	PD	0.702042252668636	0.344091212158431	167	45	0.0429166082042084	0.182167305037012
PWY0.1277..3.phenylpropanoate.and.3..3.hydroxyphenyl.propanoate.degradation	Group	PD	0.62863160318506	0.309685822055808	167	42	0.0439729400807674	0.184686348339223
PWY.7384..anaerobic.energy.metabolism..invertebrates..mitochondrial.	Group	PD	0.274263779275359	0.13582220249972	167	19	0.0450762758403364	0.185416845982415
SO4ASSIM.PWY..assimilatory.sulfate.reduction.I	Group	PD	0.849533480733633	0.420297824218462	167	128	0.0448687028895413	0.185416845982415
PWY.7389..superpathway.of.anaerobic.energy.metabolism..invertebrates.	Group	PD	0.269105416969196	0.133611037042724	167	19	0.0456241643187091	0.185755526154744
PWY.5345..superpathway.of.L.methionine.biosynthesis..by.sulfhydrylation.	Group	PD	0.752244448939825	0.377419868577857	167	128	0.0478963096398662	0.191106275463066
PWY.7115..C4.photosynthetic.carbon.assimilation.cycle..NAD.ME.type	Group	PD	0.537392894882145	0.269536680039591	167	146	0.047825383866544	0.191106275463066
HEME.BIOSYNTHESIS.II.1..heme.b.biosynthesis.V..aerobic.	Group	PD	0.774888898273659	0.392343328623941	167	70	0.0499332933319596	0.192248325058546
PWY.561..superpathway.of.glyoxylate.cycle.and.fatty.acid.degradation	Group	PD	0.669595696585491	0.342157346050583	167	59	0.0520371406173508	0.192248325058546
PWY.5656..mannosylglycerate.biosynthesis.I	Group	PD	0.950764823082548	0.482007676400128	167	47	0.050222446244426	0.192248325058546
PWY.6803..phosphatidylcholine.acyl.editing	Group	PD	0.843382750825724	0.426060943582522	167	69	0.0494244570845197	0.192248325058546
PWY.6992..1.5.anhydrofructose.degradation	Group	PD	0.764252096101626	0.389931851555295	167	59	0.0516844774866064	0.192248325058546
PWY0.845..superpathway.of.pyridoxal.5..phosphate.biosynthesis.and.salvage	Group	PD	0.51345102205305	0.261905797857627	167	151	0.0516280825878899	0.192248325058546
PYRIDOXSYN.PWY..pyridoxal.5..phosphate.biosynthesis.I	Group	PD	0.576705255788874	0.294252356860111	167	152	0.0516919124790052	0.192248325058546
SULFATE.CYS.PWY..superpathway.of.sulfate.assimilation.and.cysteine.biosynthesis	Group	PD	0.769968733463538	0.388834402783525	167	128	0.0493440463518032	0.192248325058546
PWY.5104..L.isoleucine.biosynthesis.IV	Group	PD	0.649982801224854	0.335847308992199	167	60	0.0546569222411609	0.194657379208902
PWY.5747..2.methylcitrate.cycle.II	Group	PD	0.599019424664674	0.309052780345844	167	37	0.0543004622844203	0.194657379208902
PWY.6519..8.amino.7.oxononanoate.biosynthesis.I	Group	PD	0.585292759496539	0.302341290380878	167	148	0.0545931986562207	0.194657379208902
PWY.7208..superpathway.of.pyrimidine.nucleobases.salvage	Group	PD	0.272126946996565	0.14057117735446	167	158	0.0545934311508927	0.194657379208902
PWY0.1297..superpathway.of.purine.deoxyribonucleosides.degradation	Group	PD	0.54380440572838	0.281537614353077	167	154	0.0551285309538995	0.194657379208902
P161.PWY..acetylene.degradation..anaerobic.	Group	PD	0.699879138145928	0.36343637410981	167	134	0.0558579572529699	0.195502850385395
P221.PWY..octane.oxidation	Group	PD	0.788318559094549	0.410327232898735	167	37	0.0564310724923478	0.195791286299537
KDO.NAGLIPASYN.PWY..superpathway.of..Kdo.2.lipid.A.biosynthesis	Group	PD	0.543331292598384	0.289915779606399	167	39	0.0626844466802726	0.205202752035905
P125.PWY..superpathway.of..R.R..butanediol.biosynthesis	Group	PD	0.732991860479225	0.393408599700619	167	65	0.0642140170584925	0.205202752035905
PWY.7184..pyrimidine.deoxyribonucleotides.de.novo.biosynthesis.I	Group	PD	0.778501534739003	0.418762978891423	167	118	0.0648008690639701	0.205202752035905
PWY.7254..TCA.cycle.VII..acetate.producers.	Group	PD	0.573606474314983	0.305461617692877	167	42	0.0621683140305472	0.205202752035905
PWY.7345..superpathway.of.anaerobic.sucrose.degradation	Group	PD	0.389610767143164	0.209447393359907	167	154	0.0646393739169465	0.205202752035905
PWY.7383..anaerobic.energy.metabolism..invertebrates..cytosol.	Group	PD	0.405662767367071	0.215473352193497	167	154	0.0615068767376212	0.205202752035905
PWY.7873..D.erythronate.degradation.II	Group	PD	0.360142496390091	0.193543165985946	167	18	0.0645537581924202	0.205202752035905
PWY.821..superpathway.of.sulfur.amino.acid.biosynthesis..Saccharomyces.cerevisiae.	Group	PD	0.600210298644208	0.316836559000405	167	79	0.0599234938557936	0.205202752035905
PWY0.162..superpathway.of.pyrimidine.ribonucleotides.de.novo.biosynthesis	Group	PD	0.362479339425682	0.192492881365889	167	156	0.0614494897555469	0.205202752035905
PWY4LZ.257..superpathway.of.fermentation..Chlamydomonas.reinhardtii.	Group	PD	0.640369076142764	0.342316689034173	167	133	0.0631586505731336	0.205202752035905
PWY66.430..myristate.biosynthesis..mitochondria.	Group	PD	0.562785746636975	0.297631019836773	167	38	0.0603925702118604	0.205202752035905
GLYCOL.GLYOXDEG.PWY..superpathway.of.glycol.metabolism.and.degradation	Group	PD	0.723383783398714	0.390161879049719	167	56	0.0655155818705305	0.205832418632612
GALACTARDEG.PWY..D.galactarate.degradation.I	Group	PD	0.761442057089442	0.416095102039878	167	86	0.0690588250480201	0.212604932247211
GLUCARGALACTSUPER.PWY..superpathway.of.D.glucarate.and.D.galactarate.degradation	Group	PD	0.761442057089442	0.416095102039878	167	86	0.0690588250480201	0.212604932247211
LACTOSECAT.PWY..lactose.and.galactose.degradation.I	Group	PD	0.561604065096067	0.307902238006401	167	157	0.0699660147993936	0.212604932247211
PWY.5850..superpathway.of.menaquinol.6.biosynthesis	Group	PD	0.576618353414098	0.31578060877124	167	45	0.0696565020367715	0.212604932247211
PWY.6545..pyrimidine.deoxyribonucleotides.de.novo.biosynthesis.III	Group	PD	0.755509306035414	0.414763424622292	167	118	0.070335466307348	0.212604932247211
BIOTIN.BIOSYNTHESIS.PWY..biotin.biosynthesis.I	Group	PD	0.519381030354293	0.287327039182313	167	148	0.0724854784523082	0.213948136457865
PWY.5860..superpathway.of.demethylmenaquinol.6.biosynthesis.I	Group	PD	0.59465010848763	0.330263361079666	167	45	0.0736029909561849	0.213948136457865
PWY.5910..superpathway.of.geranylgeranyldiphosphate.biosynthesis.I..via.mevalonate.	Group	PD	0.42715552069068	0.236774555173916	167	35	0.0730458661407752	0.213948136457865
PWY.702..L.methionine.biosynthesis.II	Group	PD	0.355593945173743	0.197766286378282	167	156	0.0739970998275324	0.213948136457865
PWY.7187..pyrimidine.deoxyribonucleotides.de.novo.biosynthesis.II	Group	PD	0.561078043568668	0.310483672414285	167	35	0.0725669621967483	0.213948136457865
PWY.7446..sulfoquinovose.degradation.I	Group	PD	0.38931372833228	0.215757732227429	167	24	0.0729920076980732	0.213948136457865
PWY.5896..superpathway.of.menaquinol.10.biosynthesis	Group	PD	0.556788568635619	0.315857016934672	167	44	0.0797878175012742	0.227395279878632
PWY.6953..dTDP.3.acetamido..alpha..D.fucose.biosynthesis	Group	PD	0.276260704716723	0.156578491044302	167	17	0.0795219142557367	0.227395279878632
PWY.5989..stearate.biosynthesis.II..bacteria.and.plants.	Group	PD	0.504518353629813	0.288907132558894	167	154	0.0826199780109914	0.23379695905238
PWY.6549..L.glutamine.biosynthesis.III	Group	PD	0.417459340823401	0.240377198976767	167	150	0.084309230112497	0.236897062076664
FUCCAT.PWY..fucose.degradation	Group	PD	0.382297092360579	0.222744568164319	167	156	0.0879834080956377	0.243787359931663
PWY.5920..superpathway.of.heme.b.biosynthesis.from.glycine	Group	PD	0.623489089518904	0.3625820981526	167	49	0.0873838814903981	0.243787359931663
PWY.922..mevalonate.pathway.I..eukaryotes.and.bacteria.	Group	PD	0.453000049053696	0.265642162782907	167	36	0.0900200312180532	0.247710292800022
GALACTITOLCAT.PWY..galactitol.degradation	Group	PD	0.803003739884769	0.473630557324923	167	92	0.0918815502362016	0.251054952150691
PWY.7269..mitochondrial.NADPH.production..yeast.	Group	PD	0.540222019676668	0.31924098945776	167	38	0.0924939297397283	0.251054952150691
PWY.822..fructan.biosynthesis	Group	PD	0.729908463685236	0.432184804157095	167	53	0.0931312280876427	0.251076756803847
PWY0.1415..superpathway.of.heme.b.biosynthesis.from.uroporphyrinogen.III	Group	PD	0.610143141114238	0.362840922345467	167	59	0.0945436152314246	0.253173842129788
PWY.5845..superpathway.of.menaquinol.9.biosynthesis	Group	PD	0.548906752948221	0.329780563677584	167	64	0.0979182821166917	0.258737712348079
PWY.5971..palmitate.biosynthesis..type.II.fatty.acid.synthase.	Group	PD	0.638084749668221	0.383130302930103	167	119	0.0977203423836823	0.258737712348079
HEMESYN2.PWY..heme.b.biosynthesis.II..oxygen.independent.	Group	PD	0.556632417969166	0.335509403264638	167	134	0.0990019977099953	0.259880243988738
PWY.5862..superpathway.of.demethylmenaquinol.9.biosynthesis	Group	PD	0.566316412528637	0.343722799502893	167	64	0.10133857456072	0.264275106207369
PWY.6168..flavin.biosynthesis.III..fungi.	Group	PD	0.586011168191925	0.357869920617554	167	81	0.103432244812062	0.267983543376705
PWY.7371..1.4.dihydroxy.6.naphthoate.biosynthesis.II	Group	PD	0.362519609727451	0.222572794579424	167	50	0.105269784913178	0.270984801163601
PWY0.1298..superpathway.of.pyrimidine.deoxyribonucleosides.degradation	Group	PD	0.476444532995068	0.296944301304994	167	148	0.110518165385608	0.282671461467036
PWY.7196..superpathway.of.pyrimidine.ribonucleosides.salvage	Group	PD	0.394573722825843	0.246600352641798	167	34	0.1114997368257	0.283365573206716
PWY.8086...S..lactate.fermentation.to.propanoate..acetate.and.hydrogen	Group	PD	0.309736777642958	0.196395935262733	167	24	0.11668695097667	0.294671477466401
ARGDEG.PWY..superpathway.of.L.arginine..putrescine..and.4.aminobutanoate.degradation	Group	PD	0.372801014382593	0.240306205942343	167	26	0.122731812031551	0.294999957834872
ORNARGDEG.PWY..superpathway.of.L.arginine.and.L.ornithine.degradation	Group	PD	0.372801014382593	0.240306205942343	167	26	0.122731812031551	0.294999957834872
P108.PWY..pyruvate.fermentation.to.propanoate.I	Group	PD	0.454586118869455	0.291907806990185	167	62	0.121316819375223	0.294999957834872
PWY.5136..fatty.acid..beta..oxidation.II..plant.peroxisome.	Group	PD	0.629055771949283	0.404940396883561	167	132	0.122230991618163	0.294999957834872
PWY.6284..superpathway.of.unsaturated.fatty.acids.biosynthesis..E..coli.	Group	PD	0.513631875788623	0.328306541262971	167	119	0.119618729809497	0.294999957834872
PWY.7663..gondoate.biosynthesis..anaerobic.	Group	PD	0.34825999969394	0.223199438232359	167	156	0.120602943116244	0.294999957834872
PWY.7992..superpathway.of.menaquinol.8.biosynthesis.III	Group	PD	0.334884021701974	0.213048007872502	167	50	0.11789604113613	0.294999957834872
PWY66.409..superpathway.of.purine.nucleotide.salvage	Group	PD	0.39859425691005	0.255412345846712	167	146	0.120536202441127	0.294999957834872
ECASYN.PWY..enterobacterial.common.antigen.biosynthesis	Group	PD	0.489202340748664	0.317192767852967	167	41	0.124919510487307	0.298460387331948
PWY.7013...S..propane.1.2.diol.degradation	Group	PD	0.420573047188378	0.273312664800139	167	149	0.125769076459045	0.298701556590232
PWY.5004..superpathway.of.L.citrulline.metabolism	Group	PD	0.25818831156017	0.168484826072114	167	23	0.12733569169534	0.300632786902016
P23.PWY..reductive.TCA.cycle.I	Group	PD	0.365881241826552	0.240265793641176	167	38	0.129718308701432	0.304456501011007
P441.PWY..superpathway.of.N.acetylneuraminate.degradation	Group	PD	0.297282741415757	0.198183974724332	167	155	0.135516556897092	0.316205299426548
PWY.5837..2.carboxy.1.4.naphthoquinol.biosynthesis	Group	PD	0.538092307862227	0.36170949199346	167	85	0.138755305783223	0.31785834433982
PWY.5897..superpathway.of.menaquinol.11.biosynthesis	Group	PD	0.475883187998547	0.320427235097607	167	85	0.139411554535009	0.31785834433982
PWY.5898..superpathway.of.menaquinol.12.biosynthesis	Group	PD	0.475883187998547	0.320427235097607	167	85	0.139411554535009	0.31785834433982
PWY.5899..superpathway.of.menaquinol.13.biosynthesis	Group	PD	0.475883187998547	0.320427235097607	167	85	0.139411554535009	0.31785834433982
HEXITOLDEGSUPER.PWY..superpathway.of.hexitol.degradation..bacteria.	Group	PD	0.613551882117259	0.416747881912361	167	90	0.142861597448694	0.323873735125163
PWY.7111..pyruvate.fermentation.to.isobutanol..engineered.	Group	PD	0.235581566167322	0.160362879792933	167	158	0.143722416383563	0.323984430152779
DENOVOPURINE2.PWY..superpathway.of.purine.nucleotides.de.novo.biosynthesis.II	Group	PD	0.44251646985072	0.302832824826982	167	37	0.145846781516543	0.326926212500566
PRPP.PWY..superpathway.of.histidine..purine..and.pyrimidine.biosynthesis	Group	PD	0.436530967747734	0.299884048126285	167	37	0.147385038349289	0.328528660901488
PWY.7388..octanoyl..acyl.carrier.protein..biosynthesis..mitochondria..yeast.	Group	PD	0.447833387455456	0.313669174892427	167	40	0.155260880876011	0.344161619275158
HISDEG.PWY..L.histidine.degradation.I	Group	PD	0.382984786311819	0.269696940586	167	157	0.157478057870763	0.34524035763975
PWY.6435..4.hydroxybenzoate.biosynthesis.III..plants.	Group	PD	0.171977449947055	0.121100965691417	167	17	0.157460573597715	0.34524035763975
PWY.5861..superpathway.of.demethylmenaquinol.8.biosynthesis.I	Group	PD	0.473177219882723	0.333909731090113	167	84	0.15834459016615	0.345243122821278
PWY.3001..superpathway.of.L.isoleucine.biosynthesis.I	Group	PD	0.204616753915533	0.145538103678611	167	157	0.161624490584847	0.345984014242649
PWY.5838..superpathway.of.menaquinol.8.biosynthesis.I	Group	PD	0.448877045123711	0.319138717073292	167	84	0.161448467599231	0.345984014242649
PWY.5855..ubiquinol.7.biosynthesis..early.decarboxylation.	Group	PD	0.434553162618	0.30947717353495	167	46	0.162152908930765	0.345984014242649
PWY1ZNC.1..assimilatory.sulfate.reduction.IV	Group	PD	-0.350031853693009	0.248003077869615	167	147	0.160009208333271	0.345984014242649
PWY0.1261..anhydromuropeptides.recycling.I	Group	PD	0.406673282481526	0.291553617832857	167	150	0.164936257232989	0.350050886361503
PWY.6572..chondroitin.sulfate.degradation.I..bacterial.	Group	PD	-0.279279955798307	0.202359218564578	167	31	0.169416846746313	0.357657787575549
PWY.5973..cis.vaccenate.biosynthesis	Group	PD	0.251742283278556	0.184865097927002	167	157	0.175129377682125	0.367771693132462
P621.PWY..nylon.6.oligomer.degradation	Group	PD	0.370344374409535	0.275458985618169	167	41	0.180644170705654	0.377366618385109
PWY.7282..4.amino.2.methyl.5.diphosphomethylpyrimidine.biosynthesis.II	Group	PD	0.449774892515272	0.337129599906729	167	152	0.183999500628107	0.382373962242786
PWY.5994..palmitate.biosynthesis..type.I.fatty.acid.synthase.	Group	PD	0.326073785197912	0.245408475436594	167	45	0.185782195058508	0.384078216727174
UNMAPPED	Group	PD	0.117097702012704	0.0895018661863635	167	161	0.192582028760018	0.384281823617482
P4.PWY..superpathway.of.L.lysine..L.threonine.and.L.methionine.biosynthesis.I	Group	PD	0.4815612411281	0.367902166856203	167	100	0.192375301171897	0.384281823617482
P461.PWY..hexitol.fermentation.to.lactate..formate..ethanol.and.acetate	Group	PD	0.367044712626978	0.27885433765511	167	157	0.189912491585198	0.384281823617482
PPGPPMET.PWY..ppGpp.metabolism	Group	PD	-0.328449167881805	0.248690252164665	167	151	0.188424984729036	0.384281823617482
PWY.5840..superpathway.of.menaquinol.7.biosynthesis	Group	PD	0.427122346073302	0.326494367930292	167	72	0.192622467978688	0.384281823617482
PWY.6470..peptidoglycan.biosynthesis.V...beta..lactam.resistance.	Group	PD	-0.382675098833647	0.292035132416328	167	150	0.19189066313858	0.384281823617482
PWY.6922..L.N.delta..acetylornithine.biosynthesis	Group	PD	0.395019947872615	0.299523562011947	167	50	0.189054231272525	0.384281823617482
PWY0.1337..oleate..beta..oxidation	Group	PD	0.370644399465086	0.285022016605979	167	42	0.195275198257864	0.384563651505022
PWY0.461..L.lysine.degradation.I	Group	PD	0.296857955210024	0.22847615042562	167	27	0.19565519111659	0.384563651505022
PWY0.781..aspartate.superpathway	Group	PD	0.475436770128096	0.365724896198712	167	100	0.1954192935716	0.384563651505022
PWY.6823..molybdopterin.biosynthesis	Group	PD	-0.254027046222175	0.196109926877987	167	158	0.197015824243693	0.385339773888399
GLUCUROCAT.PWY..superpathway.of..beta..D.glucuronosides.degradation	Group	PD	-0.241505975528656	0.189192243499201	167	157	0.203568664401901	0.396214132177359
PWY.6328..L.lysine.degradation.X	Group	PD	0.32998516906703	0.259178045228284	167	26	0.204738373836519	0.396556364858111
ASPASN.PWY..superpathway.of.L.aspartate.and.L.asparagine.biosynthesis	Group	PD	0.169973634191596	0.135882023006636	167	158	0.212744978549093	0.409254314897364
HOMOSER.METSYN.PWY..L.methionine.biosynthesis.I	Group	PD	0.569433420623835	0.455822892448231	167	102	0.213345607766044	0.409254314897364
PWY.6124..inosine.5..phosphate.biosynthesis.II	Group	PD	0.153201160948627	0.12358016234642	167	158	0.216850123232373	0.413986598898167
X3.HYDROXYPHENYLACETATE.DEGRADATION.PWY..4.hydroxyphenylacetate.degradation	Group	PD	0.257577937673832	0.209109317985745	167	21	0.219781614841645	0.416143893435055
PWY.6630..superpathway.of.L.tyrosine.biosynthesis	Group	PD	0.303757696446405	0.246752230425386	167	156	0.22006606895939	0.416143893435055
PWY.5103..L.isoleucine.biosynthesis.III	Group	PD	0.176052266681541	0.143348550740312	167	158	0.221142958372956	0.416207737692498
METSYN.PWY..superpathway.of.L.homoserine.and.L.methionine.biosynthesis	Group	PD	0.542086691399048	0.445682529256729	167	102	0.225605189379288	0.422111187225807
THRESYN.PWY..superpathway.of.L.threonine.biosynthesis	Group	PD	0.18135435713895	0.149357684793279	167	157	0.226395473850433	0.422111187225807
NAD.BIOSYNTHESIS.II..NAD.salvage.pathway.III..to.nicotinamide.riboside.	Group	PD	0.406809053525203	0.337536352346371	167	84	0.229840056534584	0.424565659987496
PWY.6318..L.phenylalanine.degradation.IV..mammalian..via.side.chain.	Group	PD	0.225436366839493	0.186673224064682	167	17	0.228909190627062	0.424565659987496
MET.SAM.PWY..superpathway.of.S.adenosyl.L.methionine.biosynthesis	Group	PD	0.530147453057336	0.440976600628995	167	102	0.231003810285339	0.424748941492397
SER.GLYSYN.PWY..superpathway.of.L.serine.and.glycine.biosynthesis.I	Group	PD	0.148345364471865	0.123741587746512	167	158	0.232312217663663	0.42519529746698
PWY.5347..superpathway.of.L.methionine.biosynthesis..transsulfuration.	Group	PD	0.524990070873621	0.439451308670811	167	102	0.233938626461365	0.426216949580295
THISYN.PWY..superpathway.of.thiamine.diphosphate.biosynthesis.I	Group	PD	0.181637528521735	0.153335237152887	167	156	0.237887878847678	0.43144210754647
PWY.6703..preQ0.biosynthesis	Group	PD	0.134279671751736	0.114805875309638	167	158	0.243839217682875	0.439417371380957
PWY.6876..isopropanol.biosynthesis..engineered.	Group	PD	0.160072562760478	0.137047307769044	167	22	0.244487860768352	0.439417371380957
PWY.6123..inosine.5..phosphate.biosynthesis.I	Group	PD	0.140501882098196	0.121266887872353	167	158	0.248286464106616	0.441153383153288
PWY.7094..fatty.acid.salvage	Group	PD	0.343190626919955	0.295235491860345	167	44	0.246739348374223	0.441153383153288
REDCITCYC..TCA.cycle.VI..Helicobacter.	Group	PD	0.34422790285161	0.297407872026457	167	61	0.248770704785689	0.441153383153288
GLUDEG.I.PWY..GABA.shunt	Group	PD	0.502057761954512	0.442411286980747	167	134	0.25809606237266	0.44969575933053
ILEUSYN.PWY..L.isoleucine.biosynthesis.I..from.threonine.	Group	PD	0.157837734770801	0.138870609797172	167	158	0.257361377941147	0.44969575933053
PWY.7616..methanol.oxidation.to.carbon.dioxide	Group	PD	0.227483450587959	0.199614852166657	167	24	0.256099712718431	0.44969575933053
RIBOSYN2.PWY..flavin.biosynthesis.I..bacteria.and.plants.	Group	PD	-0.15665031560085	0.137995653242528	167	156	0.257944974371634	0.44969575933053
GLUCARDEG.PWY..D.glucarate.degradation.I	Group	PD	0.51724032840447	0.458503152062282	167	78	0.260912663969553	0.452626751842833
PWY.5154..L.arginine.biosynthesis.III..via.N.acetyl.L.citrulline.	Group	PD	0.185579524259657	0.165226358002607	167	156	0.262991144008744	0.454257430560558
CARNMET.PWY..L.carnitine.degradation.I	Group	PD	0.204407452791785	0.18302965140215	167	19	0.265703623212595	0.456964420956144
UNINTEGRATED	Group	PD	0.130338818021549	0.120844737109306	167	161	0.282356217957901	0.483519875387136
P122.PWY..heterolactic.fermentation	Group	PD	0.382924847659731	0.359028649763788	167	53	0.287729616535835	0.484726225861432
PWY.6147..6.hydroxymethyl.dihydropterin.diphosphate.biosynthesis.I	Group	PD	0.225172724638604	0.211204674672108	167	156	0.287920089045512	0.484726225861432
PWY4FS.7..phosphatidylglycerol.biosynthesis.I..plastidic.	Group	PD	0.234784652841624	0.219316219356151	167	155	0.285944150479728	0.484726225861432
PWY4FS.8..phosphatidylglycerol.biosynthesis.II..non.plastidic.	Group	PD	0.234784652841624	0.219316219356151	167	155	0.285944150479728	0.484726225861432
P185.PWY..formaldehyde.assimilation.III..dihydroxyacetone.cycle.	Group	PD	-0.32652521869291	0.314647915606873	167	147	0.300905819211761	0.50369479215843
PWY.6292..superpathway.of.L.cysteine.biosynthesis..mammalian.	Group	PD	-0.241460116241593	0.233066632190855	167	155	0.301711918109937	0.50369479215843
PWY.1269..CMP.3.deoxy.D.manno.octulosonate.biosynthesis	Group	PD	0.292577521695022	0.283853847765298	167	154	0.304174557828508	0.505690202389895
BRANCHED.CHAIN.AA.SYN.PWY..superpathway.of.branched.chain.amino.acid.biosynthesis	Group	PD	0.137861674409235	0.13656215618148	167	158	0.314205375470624	0.520198941131864
PEPTIDOGLYCANSYN.PWY..peptidoglycan.biosynthesis.I..meso.diaminopimelate.containing.	Group	PD	0.165204700404508	0.165092190335513	167	158	0.318446076500692	0.525041258362711
PWY.7242..D.fructuronate.degradation	Group	PD	-0.202572878863692	0.204182501971531	167	157	0.322593268397209	0.52969018144233
PWY.6531..mannitol.cycle	Group	PD	0.413144815556781	0.417747087402058	167	102	0.324119465384372	0.530015027411329
P164.PWY..purine.nucleobases.degradation.I..anaerobic.	Group	PD	-0.219570670393396	0.222733198418512	167	150	0.325673991867072	0.530383358183517
PWY.6385..peptidoglycan.biosynthesis.III..mycobacteria.	Group	PD	0.161608670169682	0.166009034377165	167	158	0.331733221389253	0.538055102985008
NAGLIPASYN.PWY..lipid.IVA.biosynthesis..E..coli.	Group	PD	0.350425449384378	0.365834743501335	167	143	0.339525160052442	0.546252172826307
PWY.8073..lipid.IVA.biosynthesis..P..putida.	Group	PD	0.350425449384378	0.365834743501335	167	143	0.339525160052442	0.546252172826307
VALSYN.PWY..L.valine.biosynthesis	Group	PD	0.12369702661618	0.129917217583021	167	158	0.342427828757786	0.548709653310669
GLUCOSE1PMETAB.PWY..glucose.and.glucose.1.phosphate.degradation	Group	PD	0.245546882875488	0.259553456804475	167	88	0.345513636025154	0.551439763096146
GALACTUROCAT.PWY..D.galacturonate.degradation.I	Group	PD	-0.195034089314604	0.208335699163208	167	156	0.35056256173607	0.55264678357748
PWY.5097..L.lysine.biosynthesis.VI	Group	PD	0.127350581554266	0.137723705287206	167	158	0.3564818907378	0.55264678357748
PWY.5690..TCA.cycle.II..plants.and.fungi.	Group	PD	-0.223555332461539	0.24026527533805	167	59	0.353496370025987	0.55264678357748
PWY.6317..D.galactose.degradation.I..Leloir.pathway.	Group	PD	-0.108959501314463	0.11804821590836	167	157	0.357350551786942	0.55264678357748
PWY.6387..UDP.N.acetylmuramoyl.pentapeptide.biosynthesis.I..meso.diaminopimelate.containing.	Group	PD	0.164994552420344	0.175184575790004	167	158	0.347655224131325	0.55264678357748
PWY.6628..superpathway.of.L.phenylalanine.biosynthesis	Group	PD	0.223990185224966	0.242330153868574	167	157	0.356670432707922	0.55264678357748
PWY.6749..CMP.legionaminate.biosynthesis.I	Group	PD	0.250124659278411	0.269970405959742	167	38	0.355544988309185	0.55264678357748
PWY0.1586..peptidoglycan.maturation..meso.diaminopimelate.containing.	Group	PD	0.138180370078629	0.149564401479175	167	158	0.356895092556355	0.55264678357748
PWY.7312..dTDP..beta..D.fucofuranose.biosynthesis	Group	PD	0.248872135555944	0.274789516529947	167	36	0.366424387153291	0.564491623452368
COBALSYN.PWY..superpathway.of.adenosylcobalamin.salvage.from.cobinamide.I	Group	PD	-0.161571594292351	0.17947119412154	167	157	0.369291429236457	0.56672030871287
ARGININE.SYN4.PWY..L.ornithine.biosynthesis.II	Group	PD	0.259794981873467	0.291964134440518	167	155	0.374859067360626	0.571681189086371
PWY.7400..L.arginine.biosynthesis.IV..archaebacteria.	Group	PD	0.128263259080242	0.14430610599765	167	155	0.375389652984033	0.571681189086371
PWY.724..superpathway.of.L.lysine..L.threonine.and.L.methionine.biosynthesis.II	Group	PD	0.139879158513595	0.15839938361757	167	157	0.378478424748368	0.574193503705698
PWY.7237..myo...chiro..and.scyllo.inositol.degradation	Group	PD	-0.14758839955404	0.167829265224622	167	159	0.380465475697819	0.575021684861476
RUMP.PWY..formaldehyde.oxidation.I	Group	PD	0.282368848400697	0.322120976034177	167	124	0.381982431450567	0.575135811882175
PWY.7211..superpathway.of.pyrimidine.deoxyribonucleotides.de.novo.biosynthesis	Group	PD	0.309573427577702	0.35856593179282	167	114	0.389189822246133	0.5837847333692
TRPSYN.PWY..L.tryptophan.biosynthesis	Group	PD	-0.0897200739776005	0.105419758421711	167	157	0.395961367796005	0.591717549627737
PWY.5505..L.glutamate.and.L.glutamine.biosynthesis	Group	PD	-0.167090974878431	0.198102959157257	167	153	0.400195003111008	0.595812709855568
LIPASYN.PWY..phospholipases	Group	PD	0.14604498670362	0.175888994043344	167	18	0.407554981171696	0.604514637500025
PWY.6527..stachyose.degradation	Group	PD	-0.159262578437002	0.193194657741416	167	157	0.410923265700718	0.607241802036301
PWY.7210..pyrimidine.deoxyribonucleotides.biosynthesis.from.CTP	Group	PD	0.296287953256622	0.36058233194509	167	97	0.412437414415633	0.607241802036301
PWY.7185..UTP.and.CTP.dephosphorylation.I	Group	PD	0.330598488101893	0.404588306052844	167	97	0.415036306573418	0.608821640892623
TRNA.CHARGING.PWY..tRNA.charging	Group	PD	0.117823841990677	0.149284040136818	167	157	0.431093029562106	0.630059043206155
PWY.6608..guanosine.nucleotides.degradation.III	Group	PD	0.162143982056994	0.208159962746848	167	157	0.437131160929909	0.636552310989174
PHOSLIPSYN.PWY..superpathway.of.phospholipid.biosynthesis.I..bacteria.	Group	PD	0.153021608159362	0.197137642228595	167	155	0.438732045392776	0.636560313133518
PWY.6859..all.trans.farnesol.biosynthesis	Group	PD	0.248538213416735	0.324576627011016	167	146	0.444930674201944	0.643214996400636
GLYCOLYSIS.TCA.GLYOX.BYPASS..superpathway.of.glycolysis..pyruvate.dehydrogenase..TCA..and.glyoxylate.bypass	Group	PD	0.191381573640362	0.251736329943572	167	35	0.448192422771849	0.644193846163126
PWY.3841..folate.transformations.II..plants.	Group	PD	0.0817259095062449	0.107741406690784	167	158	0.449211345744193	0.644193846163126
PYRIDNUCSYN.PWY..NAD.de.novo.biosynthesis.I..from.aspartate.	Group	PD	0.0961566436629152	0.127113749650814	167	158	0.450451336038878	0.644193846163126
HISTSYN.PWY..L.histidine.biosynthesis	Group	PD	0.101742354603693	0.13614530007685	167	158	0.455941830615878	0.645109185871402
PWY.7221..guanosine.ribonucleotides.de.novo.biosynthesis	Group	PD	0.0881155907418562	0.117365234686384	167	158	0.453853821047001	0.645109185871402
PWY.7688..dTDP..alpha..D.ravidosamine.and.dTDP.4.acetyl..alpha..D.ravidosamine.biosynthesis	Group	PD	-0.227817740453965	0.304117268183549	167	59	0.454856627251875	0.645109185871402
METH.ACETATE.PWY..methanogenesis.from.acetate	Group	PD	-0.202110975905427	0.278309696738436	167	155	0.468739617596434	0.660873171098859
PWY.5005..biotin.biosynthesis.II	Group	PD	-0.222591312105283	0.311029409760928	167	124	0.475212834463361	0.667640566728455
PWY0.1061..superpathway.of.L.alanine.biosynthesis	Group	PD	0.229258036052861	0.322755703419988	167	147	0.478511901555567	0.669916662177794
PWY.2942..L.lysine.biosynthesis.III	Group	PD	0.0782660343236465	0.111570563707999	167	156	0.483983267838056	0.672854786994371
PWY.5367..petroselinate.biosynthesis	Group	PD	0.287776691591296	0.409202014702815	167	125	0.482882918001724	0.672854786994371
PWY.7456...beta...1.4..mannan.degradation	Group	PD	-0.193310807761811	0.276685489546674	167	154	0.485744226224271	0.67295814674821
PWY.1861..formaldehyde.assimilation.II..assimilatory.RuMP.Cycle.	Group	PD	0.184954123653008	0.267764704956791	167	154	0.490703421011467	0.677476349424137
PWY.6350..archaetidylinositol.biosynthesis	Group	PD	0.203480941019116	0.296947566397404	167	53	0.494152778627946	0.679886064388105
PWY.6122..5.aminoimidazole.ribonucleotide.biosynthesis.II	Group	PD	0.0803695754378577	0.122465633150716	167	158	0.512569532852418	0.694007419664076
PWY.6277..superpathway.of.5.aminoimidazole.ribonucleotide.biosynthesis	Group	PD	0.0803695754378577	0.122465633150716	167	158	0.512569532852418	0.694007419664076
PWY.6507..4.deoxy.L.threo.hex.4.enopyranuronate.degradation	Group	PD	-0.143035832066734	0.216511473778033	167	157	0.509765411558389	0.694007419664076
PWY.6807..xyloglucan.degradation.II..exoglucanase.	Group	PD	-0.162719562569942	0.248269448335115	167	29	0.513113255140106	0.694007419664076
PWY.8131..5..deoxyadenosine.degradation.II	Group	PD	0.153380404288375	0.233471409223662	167	153	0.512124595677294	0.694007419664076
PWY.6906..chitin.derivatives.degradation	Group	PD	0.177794258488643	0.273739769583871	167	111	0.516917722601161	0.696791119317106
GALACT.GLUCUROCAT.PWY..superpathway.of.hexuronide.and.hexuronate.degradation	Group	PD	-0.190742500407415	0.297556991474616	167	124	0.522393546054405	0.699544423541415
PWY0.1296..purine.ribonucleosides.degradation	Group	PD	-0.092338123367397	0.144072229248144	167	158	0.522466762444465	0.699544423541415
PWY.7286..7..3.amino.3.carboxypropyl..wyosine.biosynthesis	Group	PD	0.206822105277329	0.32656466874556	167	60	0.527397215240349	0.703784243748826
HSERMETANA.PWY..L.methionine.biosynthesis.III	Group	PD	0.0925112526314164	0.147317850393591	167	158	0.530891498306324	0.706085692747412
COA.PWY.1..superpathway.of.coenzyme.A.biosynthesis.III..mammals.	Group	PD	-0.0545710719137067	0.08765788611013	167	156	0.534442275022589	0.70844673665785
PANTOSYN.PWY..superpathway.of.coenzyme.A.biosynthesis.I..bacteria.	Group	PD	-0.0627912755073768	0.105643820958376	167	156	0.553080300021824	0.729267513570811
PWY.7316..dTDP.N.acetylviosamine.biosynthesis	Group	PD	0.164839350539235	0.277843063118597	167	39	0.553804653162796	0.729267513570811
PWY.6895..superpathway.of.thiamine.diphosphate.biosynthesis.II	Group	PD	-0.188296471376328	0.322997666224637	167	144	0.560712468763222	0.735935115251728
PWY.6143..CMP.pseudaminate.biosynthesis	Group	PD	-0.154898800046901	0.27071799324077	167	39	0.567980334707315	0.740601808981106
PWY.7851..coenzyme.A.biosynthesis.II..eukaryotic.	Group	PD	-0.050740882152275	0.0884225893896507	167	156	0.566853920998691	0.740601808981106
PWY.7357..thiamine.phosphate.formation.from.pyrithiamine.and.oxythiamine..yeast.	Group	PD	-0.0883079731869924	0.155317568460307	167	158	0.570425099895418	0.741366823642579
PWY.6160..3.dehydroquinate.biosynthesis.II..archaea.	Group	PD	0.160981520305617	0.286072967012142	167	58	0.574383304056335	0.744087462072979
PWY.5030..L.histidine.degradation.III	Group	PD	0.14749483567854	0.268504054125036	167	155	0.583528054433499	0.753487681938401
ARGSYN.PWY..L.arginine.biosynthesis.I..via.L.ornithine.	Group	PD	0.0782348814353231	0.145651996078303	167	158	0.591897503376324	0.754263306133348
PWY.1042..glycolysis.IV	Group	PD	-0.0554910517788561	0.104615829669206	167	158	0.596529108356626	0.754263306133348
PWY.5209..methyl.coenzyme.M.oxidation.to.CO2	Group	PD	0.185882925729779	0.351236839367983	167	59	0.597361415383805	0.754263306133348
PWY.6165..chorismate.biosynthesis.II..archaea.	Group	PD	0.149140781922004	0.275634646744673	167	58	0.589181234976718	0.754263306133348
PWY.6897..thiamine.diphosphate.salvage.II	Group	PD	0.0576871132002732	0.107961796465842	167	156	0.593833183659687	0.754263306133348
PWY.6936..seleno.amino.acid.biosynthesis..plants.	Group	PD	0.0728781639145561	0.136757470674891	167	158	0.594819250476809	0.754263306133348
PWY.8112..factor.420.biosynthesis.I..archaea.	Group	PD	0.183706145937101	0.346337681365638	167	58	0.596530470075959	0.754263306133348
PWY.6629..superpathway.of.L.tryptophan.biosynthesis	Group	PD	-0.0550092738912175	0.107079808302622	167	157	0.60813349022316	0.760746178070867
PWY.6892..thiazole.component.of.thiamine.diphosphate.biosynthesis.I	Group	PD	-0.0822197081703515	0.160083702736208	167	157	0.608215616051646	0.760746178070867
PWY.7356..thiamine.diphosphate.salvage.IV..yeast.	Group	PD	0.13482294493025	0.260473210996585	167	154	0.605425251319432	0.760746178070867
PWY.6607..guanosine.nucleotides.degradation.I	Group	PD	0.157540057028309	0.310509620218843	167	98	0.612579937758827	0.763810609893038
COLANSYN.PWY..colanic.acid.building.blocks.biosynthesis	Group	PD	0.124832078494564	0.259809074572906	167	156	0.631525237464262	0.779837031551296
P41.PWY..pyruvate.fermentation.to.acetate.and..S..lactate.I	Group	PD	0.0756127091872604	0.156593471712063	167	158	0.629835244410286	0.779837031551296
PWY.5100..pyruvate.fermentation.to.acetate.and.lactate.II	Group	PD	0.0756514323542452	0.156595136705555	167	158	0.629663675751379	0.779837031551296
PWY.5130..2.oxobutanoate.degradation.I	Group	PD	0.161267170598865	0.33993225687165	167	134	0.635834998765448	0.779837031551296
PWY.6121..5.aminoimidazole.ribonucleotide.biosynthesis.I	Group	PD	0.0560320303696379	0.118574247168493	167	158	0.637160080916598	0.779837031551296
PWY.7953..UDP.N.acetylmuramoyl.pentapeptide.biosynthesis.III..meso.diaminopimelate.containing.	Group	PD	0.0453506934982339	0.09537872960574	167	157	0.635073632491037	0.779837031551296
PWY.5188..tetrapyrrole.biosynthesis.I..from.glutamate.	Group	PD	0.0938594388170519	0.201940767761916	167	157	0.642696770014055	0.784207985429994
FOLSYN.PWY..superpathway.of.tetrahydrofolate.biosynthesis.and.salvage	Group	PD	-0.171287544422701	0.373854112208242	167	124	0.64743543976417	0.787581525810682
PWY.5384..sucrose.degradation.IV..sucrose.phosphorylase.	Group	PD	0.0987634703986727	0.221984113055442	167	157	0.656966194955682	0.795772459319433
PWY.6353..purine.nucleotides.degradation.II..aerobic.	Group	PD	-0.104567089728339	0.235904159310731	167	154	0.658157673121336	0.795772459319433
ARGSYNBSUB.PWY..L.arginine.biosynthesis.II..acetyl.cycle.	Group	PD	0.0614404282182657	0.139993818911449	167	158	0.661322947337194	0.797183854947252
PWY.6612..superpathway.of.tetrahydrofolate.biosynthesis	Group	PD	-0.164428024451871	0.38016286300632	167	124	0.66592832080027	0.800317469877433
PWY.5198..factor.420.biosynthesis.II..mycobacteria.	Group	PD	0.157186363751263	0.370352048127242	167	61	0.671809366940472	0.802550710806133
PWY.5941..glycogen.degradation.II	Group	PD	-0.0568389876235411	0.133151460898038	167	158	0.670027076329488	0.802550710806133
PWY.8113..3PG.factor.420.biosynthesis	Group	PD	0.146835245421974	0.352013865924216	167	55	0.677126154037863	0.806487568540619
PWY.5695..inosine.5..phosphate.degradation	Group	PD	0.0428458477168806	0.10353414410279	167	158	0.679533806730672	0.806946395492673
PWY.5659..GDP.mannose.biosynthesis	Group	PD	0.120445559731691	0.293487934177156	167	157	0.682049672821756	0.807530621530803
PWY.6731..starch.degradation.III	Group	PD	0.095620881067317	0.23694059365059	167	157	0.687055291468932	0.811050477207408
DTDPRHAMSYN.PWY..dTDP..beta..L.rhamnose.biosynthesis	Group	PD	0.050515839988095	0.129464461749246	167	158	0.696898725517171	0.820243632688352
PWY.6609..adenine.and.adenosine.salvage.III	Group	PD	0.0619520160037426	0.161317065774175	167	158	0.701444119827159	0.823165305326578
METHANOGENESIS.PWY..methanogenesis.from.H2.and.CO2	Group	PD	0.129866690885248	0.356297637029199	167	58	0.715959331459873	0.82467128591715
NONOXIPENT.PWY..pentose.phosphate.pathway..non.oxidative.branch..I	Group	PD	0.0521530375492094	0.141507134020677	167	158	0.712932536951021	0.82467128591715
POLYISOPRENSYN.PWY..polyisoprenoid.biosynthesis..E..coli.	Group	PD	0.0900547562801669	0.246248590342838	167	151	0.715052372521391	0.82467128591715
PWY.5497..purine.nucleobases.degradation.II..anaerobic.	Group	PD	-0.08788369618529	0.238276842082562	167	147	0.712727120577453	0.82467128591715
PWY.6151..S.adenosyl.L.methionine.salvage.I	Group	PD	0.0498251440281753	0.13290737833547	167	158	0.708226503829507	0.82467128591715
PWY.6969..TCA.cycle.V..2.oxoglutarate.synthase.	Group	PD	0.093332845324069	0.249132533142214	167	156	0.708415740370376	0.82467128591715
PWY.7392..taxadiene.biosynthesis..engineered.	Group	PD	0.10692935692313	0.294708256174667	167	144	0.717195328855266	0.82467128591715
PWY.6386..UDP.N.acetylmuramoyl.pentapeptide.biosynthesis.II..lysine.containing.	Group	PD	0.0344778145017406	0.0964199215403815	167	157	0.721114787226214	0.826795402595572
ARO.PWY..chorismate.biosynthesis.I	Group	PD	0.0459553226880917	0.136515521145783	167	158	0.736823030810862	0.839978255124382
COMPLETE.ARO.PWY..superpathway.of.aromatic.amino.acid.biosynthesis	Group	PD	0.0479044885635545	0.141860087662019	167	158	0.736027335878857	0.839978255124382
PWY.5686..UMP.biosynthesis.I	Group	PD	0.038614134569182	0.116739044464094	167	158	0.741235549968251	0.840207342151512
PWY.6562..norspermidine.biosynthesis	Group	PD	-0.0457346612413893	0.137812802935849	167	23	0.740415566572197	0.840207342151512
PWY.6270..isoprene.biosynthesis.I	Group	PD	0.0556100241707836	0.170523153802915	167	157	0.744751186005602	0.841800915626729
P42.PWY..incomplete.reductive.TCA.cycle	Group	PD	0.118337695587059	0.368276657447937	167	122	0.748368314442115	0.842214748666747
PWY.7790..UMP.biosynthesis.II	Group	PD	0.0370226803308307	0.116696209057007	167	158	0.75144975069013	0.842214748666747
PWY.7791..UMP.biosynthesis.III	Group	PD	0.0370226803308307	0.116696209057007	167	158	0.75144975069013	0.842214748666747
PWY.7315..dTDP.N.acetylthomosamine.biosynthesis	Group	PD	-0.136719373718988	0.451371391792608	167	132	0.762349331394898	0.852037488029592
PWY.7560..methylerythritol.phosphate.pathway.II	Group	PD	0.0517331767510308	0.177237152577604	167	157	0.770739874725755	0.859008966523956
PWY.7977..L.methionine.biosynthesis.IV	Group	PD	0.027663633896305	0.0957341617731033	167	156	0.77297239457516	0.859097452466543
PWY.6595..superpathway.of.guanosine.nucleotides.degradation..plants.	Group	PD	0.0837300409443404	0.306678864905294	167	96	0.785177807428991	0.86915692297301
PWY.6902..chitin.degradation.II..Vibrio.	Group	PD	-0.0679116917729447	0.250176176984719	167	156	0.786380073166056	0.86915692297301
PWY.6588..pyruvate.fermentation.to.acetone	Group	PD	0.0804121452903459	0.302130677255374	167	125	0.790455809624452	0.871248254254575
PWY.5676..acetyl.CoA.fermentation.to.butanoate.II	Group	PD	-0.0629028723585101	0.239142038174025	167	157	0.792851295462283	0.871481176003997
X1CMET2.PWY..folate.transformations.III..E..coli.	Group	PD	0.0253549002801322	0.0985597247619971	167	157	0.797303099379292	0.873690234648516
CALVIN.PWY..Calvin.Benson.Bassham.cycle	Group	PD	0.0330336836169179	0.1296756146266	167	158	0.799240440217315	0.873690234648516
COA.PWY..coenzyme.A.biosynthesis.I..prokaryotic.	Group	PD	0.0302388315079453	0.125865475093097	167	157	0.810436828756236	0.881101620364409
PWY.7238..sucrose.biosynthesis.II	Group	PD	0.0334834492046923	0.139277408085944	167	159	0.810312156653449	0.881101620364409
PWY.621..sucrose.degradation.III..sucrose.invertase.	Group	PD	-0.0482302311574799	0.215761368461023	167	157	0.823395615012682	0.892757745625163
PWY.5265..peptidoglycan.biosynthesis.II..staphylococci.	Group	PD	0.0437964853124553	0.201353757589041	167	37	0.828079542007307	0.895403082007901
POLYAMSYN.PWY..superpathway.of.polyamine.biosynthesis.I	Group	PD	0.0578012280701975	0.28985997145023	167	145	0.842186890697184	0.908196133481558
PANTO.PWY..phosphopantothenate.biosynthesis.I	Group	PD	-0.0225763302953109	0.117741423100137	167	158	0.848177711309665	0.909738996807947
PWY.7199..pyrimidine.deoxyribonucleosides.salvage	Group	PD	-0.0184837603987826	0.0957474020796379	167	157	0.847159484131327	0.909738996807947
SALVADEHYPOX.PWY..adenosine.nucleotides.degradation.II	Group	PD	0.0525061386697442	0.279905799077687	167	155	0.851432439273397	0.910781617346074
NONMEVIPP.PWY..methylerythritol.phosphate.pathway.I	Group	PD	0.0217013574290976	0.118514024787057	167	158	0.85493483580263	0.912082886324196
CENTFERM.PWY..pyruvate.fermentation.to.butanoate	Group	PD	0.0511860487416833	0.289250696556918	167	146	0.859756175402046	0.914780570627777
POLYAMINSYN3.PWY..superpathway.of.polyamine.biosynthesis.II	Group	PD	0.0588586509859719	0.346759981454271	167	85	0.865423426338273	0.917737504193849
PWY.6590..superpathway.of.Clostridium.acetobutylicum.acidogenic.fermentation	Group	PD	0.0477091859373575	0.28473070837362	167	146	0.867135436293436	0.917737504193849
ANAGLYCOLYSIS.PWY..glycolysis.III..from.glucose.	Group	PD	-0.0181983324582079	0.113039444928131	167	158	0.872297439751619	0.918328966915293
GOLPDLCAT.PWY..superpathway.of.glycerol.degradation.to.1.3.propanediol	Group	PD	-0.0342450678680315	0.211125186132439	167	155	0.871344725124781	0.918328966915293
PWY.6163..chorismate.biosynthesis.from.3.dehydroquinate	Group	PD	-0.0192143815625523	0.126600680041843	167	159	0.879552533274391	0.918694923498644
PWY.6606..guanosine.nucleotides.degradation.II	Group	PD	-0.0382040575550446	0.248212590791435	167	156	0.877863524657341	0.918694923498644
RHAMCAT.PWY..L.rhamnose.degradation.I	Group	PD	-0.0210283647703171	0.134027522989488	167	157	0.875518731744073	0.918694923498644
PWY.5667..CDP.diacylglycerol.biosynthesis.I	Group	PD	0.0218822477998123	0.161393369409989	167	159	0.892315964423857	0.925852278982195
PWY.6349..CDP.archaeol.biosynthesis	Group	PD	0.0482141223907087	0.359129164999607	167	58	0.893366234105627	0.925852278982195
PWY0.1319..CDP.diacylglycerol.biosynthesis.II	Group	PD	0.0218822477998123	0.161393369409989	167	159	0.892315964423857	0.925852278982195
PWY.6167..flavin.biosynthesis.II..archaea.	Group	PD	-0.023344350619949	0.190513797289672	167	28	0.902625516745115	0.933024821713214
PWY66.429..fatty.acid.biosynthesis.initiation..mitochondria.	Group	PD	0.0151539201659519	0.137436211921495	167	158	0.912336001844958	0.940625490274259
ARG.POLYAMINE.SYN..superpathway.of.arginine.and.polyamine.biosynthesis	Group	PD	0.0257732297437636	0.275360599538714	167	144	0.92554197400932	0.946900634947996
PWY.7323..superpathway.of.GDP.mannose.derived.O.antigen.building.blocks.biosynthesis	Group	PD	-0.0169393453925706	0.176528966576366	167	155	0.923670470937122	0.946900634947996
THISYNARA.PWY..superpathway.of.thiamine.diphosphate.biosynthesis.III..eukaryotes.	Group	PD	-0.0139094825169821	0.144898364938131	167	157	0.92364123217448	0.946900634947996
GLYCOGENSYNTH.PWY..glycogen.biosynthesis.I..from.ADP.D.Glucose.	Group	PD	-0.0144252791074471	0.170582968443184	167	158	0.932710066170861	0.9517936480874
PWY.7883..anhydromuropeptides.recycling.II	Group	PD	-0.0291841027550616	0.368950175328337	167	66	0.937048623281058	0.953781634411076
GLUTORN.PWY..L.ornithine.biosynthesis.I	Group	PD	0.0102308379658684	0.141667027781738	167	158	0.942516286609133	0.956905848236754
PWY.8178..pentose.phosphate.pathway..non.oxidative.branch..II	Group	PD	-0.00682456682024749	0.137899429639868	167	158	0.960589101124667	0.972779318144016
FERMENTATION.PWY..mixed.acid.fermentation	Group	PD	0.0019757341194403	0.263807055618683	167	155	0.994033494405446	0.998384713017385
FUC.RHAMCAT.PWY..superpathway.of.fucose.and.rhamnose.degradation	Group	PD	-0.00110364344570013	0.213537829749929	167	141	0.995882495691527	0.998384713017385
PWY.5121..superpathway.of.geranylgeranyl.diphosphate.biosynthesis.II..via.MEP.	Group	PD	-0.00162019703864663	0.262579172377919	167	154	0.995084283480298	0.998384713017385
PWY.6700..queuosine.biosynthesis.I..de.novo.	Group	PD	-0.00133030787598505	0.142542312581968	167	158	0.992564947101354	0.998384713017385
GLCMANNANAUT.PWY..superpathway.of.N.acetylglucosamine..N.acetylmannosamine.and.N.acetylneuraminate.degradation	Group	PD	0.000253545573852213	0.198181661889626	167	156	0.99898076461698	0.99898076461698
