feature	metadata	value	coef	abs coef	stderr	N	N.not.0	pval	qval
d__Bacteria.p__Bacillota_A.c__Clostridia.o__Lachnospirales.f__Lachnospiraceae.g__Anthropogastromicrobium.s__Anthropogastromicrobium.sp934292725	Group	PD	-2.169851488	2.169851488	0.392186517	65	42	6.50E-07	0.000229444
d__Bacteria.p__Bacillota_A.c__Clostridia.o__Oscillospirales.f__Ruminococcaceae.g__Faecalibacterium.s__Faecalibacterium.sp934514285	Group	PD	-1.737113929	1.737113929	0.43320351	65	43	0.000163495	0.019237968
d__Bacteria.p__Actinomycetota.c__Actinomycetes.o__Actinomycetales.f__Bifidobacteriaceae.g__Bifidobacterium.s__Bifidobacterium.infantis	Group	PD	1.603292147	1.603292147	0.610711071	65	36	0.010852533	0.241867785
d__Bacteria.p__Bacillota_A.c__Clostridia.o__Lachnospirales.f__Lachnospiraceae.g__Eubacterium_F.s__Eubacterium_F.sp003491505	Group	PD	-1.539673993	1.539673993	0.362184318	65	36	7.17E-05	0.012654179
d__Bacteria.p__Bacteroidota.c__Bacteroidia.o__Bacteroidales.f__Rikenellaceae.g__Alistipes.s__Alistipes.onderdonkii	Group	PD	1.316185045	1.316185045	0.413168991	65	49	0.002247486	0.113337505
d__Bacteria.p__Bacillota_A.c__Clostridia.o__Lachnospirales.f__Lachnospiraceae.g__Blautia_A.s__Blautia_A.wexlerae_B	Group	PD	-1.091004242	1.091004242	0.457402214	65	61	0.020089227	0.264966842
d__Bacteria.p__Bacillota_A.c__Clostridia.o__Lachnospirales.f__Lachnospiraceae.g__Anaerostipes.s__	Group	PD	-1.0867222	1.0867222	0.401101196	65	59	0.008672329	0.235487099
d__Bacteria.p__Bacillota_A.c__Clostridia.o__Lachnospirales.f__Lachnospiraceae.g__Blautia_A.s__Blautia_A.acetigignens	Group	PD	-1.084976775	1.084976775	0.313239551	65	25	0.000963437	0.056682207
d__Bacteria.p__Bacillota_A.c__Clostridia.o__Lachnospirales.f__Lachnospiraceae.g__Hominisplanchenecus.s__Hominisplanchenecus.faecis	Group	PD	-1.024382	1.024382	0.372159896	65	31	0.00771545	0.226962811
d__Bacteria.p__Bacillota_A.c__Clostridia.o__Lachnospirales.f__Lachnospiraceae.g__Blautia.s__Blautia.stercoris	Group	PD	-1.003174238	1.003174238	0.327665947	65	15	0.003234994	0.142744089
d__Bacteria.p__Bacillota_A.c__Clostridia.o__Lachnospirales.f__Lachnospiraceae.g__Roseburia.s__Roseburia.intestinalis	Group	PD	-0.94120733	0.94120733	0.363767878	65	28	0.011990007	0.241867785
d__Bacteria.p__Bacillota_A.c__Clostridia.o__Oscillospirales.f__Ruminococcaceae.g__Hominimerdicola.s__Hominimerdicola.aceti	Group	PD	-0.93499258	0.93499258	0.489239462	65	35	0.060541926	0.356188329
d__Bacteria.p__Bacillota.c__Bacilli.o__Lactobacillales.f__Streptococcaceae.g__Streptococcus.s__Streptococcus.thermophilus	Group	PD	0.931437454	0.931437454	0.382076633	65	37	0.017609243	0.264966842
d__Bacteria.p__Actinomycetota.c__Actinomycetes.o__Actinomycetales.f__Bifidobacteriaceae.g__Bifidobacterium.s__Bifidobacterium.adolescentis	Group	PD	0.920311271	0.920311271	0.462514535	65	25	0.050957503	0.335262533
d__Bacteria.p__Bacillota_A.c__Clostridia.o__Oscillospirales.f__Ruminococcaceae.g__Gemmiger.s__Gemmiger.qucibialis	Group	PD	0.917892366	0.917892366	0.415339474	65	50	0.030747611	0.301448434
d__Bacteria.p__Bacillota_A.c__Clostridia.o__Lachnospirales.f__Lachnospiraceae.g__Fusicatenibacter.s__Fusicatenibacter.saccharivorans	Group	PD	-0.894875175	0.894875175	0.400121247	65	60	0.028867056	0.301448434
d__Bacteria.p__Bacillota_A.c__Clostridia.o__Oscillospirales.f__Oscillospiraceae.g__Vescimonas.s__Vescimonas.sp000435555	Group	PD	0.886922551	0.886922551	0.447085482	65	24	0.051640919	0.335262533
d__Bacteria.p__Bacillota_A.c__Clostridia.o__Oscillospirales.f__Ruminococcaceae.g__Faecalibacterium.s__Faecalibacterium.sp905215595	Group	PD	-0.870062615	0.870062615	0.460333378	65	44	0.063350754	0.358260321
d__Bacteria.p__Bacillota_A.c__Clostridia.o__Lachnospirales.f__Lachnospiraceae.g__Acetatifactor.s__Acetatifactor.acetigignens	Group	PD	-0.86448069	0.86448069	0.362970534	65	41	0.020266586	0.264966842
d__Bacteria.p__Bacillota_A.c__Clostridia.o__Oscillospirales.f__Acutalibacteraceae.g__Clostridium_A.s__Clostridium_A.leptum	Group	PD	0.855823008	0.855823008	0.350790565	65	34	0.017526426	0.264966842
d__Bacteria.p__Bacteroidota.c__Bacteroidia.o__Bacteroidales.f__Bacteroidaceae.g__Phocaeicola.s__Phocaeicola.dorei	Group	PD	0.852528977	0.852528977	0.505091788	65	30	0.09638145	0.441352353
d__Bacteria.p__Bacillota_A.c__Clostridia.o__Oscillospirales.f__Ruminococcaceae.g__Ruthenibacterium.s__Ruthenibacterium.lactatiformans	Group	PD	0.820943676	0.820943676	0.334588782	65	51	0.016921737	0.264966842
d__Bacteria.p__Actinomycetota.c__Coriobacteriia.o__Coriobacteriales.f__Eggerthellaceae.g__Eggerthella.s__Eggerthella.lenta	Group	PD	0.814279379	0.814279379	0.374190149	65	37	0.033304501	0.301448434
d__Bacteria.p__Bacillota_A.c__Clostridia.o__Oscillospirales.f__Ruminococcaceae.g__Faecalibacterium.s__Faecalibacterium.prausnitzii_E	Group	PD	-0.772269637	0.772269637	0.452938337	65	11	0.093117335	0.441352353
d__Bacteria.p__Bacillota_A.c__Clostridia.o__Oscillospirales.f__Ruminococcaceae.g__Gemmiger.s__Gemmiger.formicilis	Group	PD	-0.769266492	0.769266492	0.475087121	65	44	0.110397542	0.457147247
d__Bacteria.p__Bacillota_A.c__Clostridia.o__Lachnospirales.f__Lachnospiraceae.g__Gallintestinimicrobium.s__Gallintestinimicrobium.propionicum	Group	PD	-0.741261386	0.741261386	0.290754883	65	34	0.013236166	0.245914037
d__Bacteria.p__Bacillota_A.c__Clostridia.o__Lachnospirales.f__Lachnospiraceae.g__Mediterraneibacter.s__Mediterraneibacter.torques	Group	PD	0.731237723	0.731237723	0.449268728	65	50	0.108597499	0.456368061
d__Bacteria.p__Actinomycetota.c__Coriobacteriia.o__Coriobacteriales.f__Coriobacteriaceae.g__Collinsella.s__Collinsella.sp023656745	Group	PD	0.722187073	0.722187073	0.417743779	65	47	0.088746631	0.429144667
d__Bacteria.p__Bacillota_A.c__Clostridia.o__Lachnospirales.f__Lachnospiraceae.g__Mediterraneibacter.s__Mediterraneibacter.faecis	Group	PD	-0.71826602	0.71826602	0.428369336	65	47	0.098548205	0.441352353
d__Bacteria.p__Bacillota_A.c__Clostridia.o__Lachnospirales.f__Lachnospiraceae.g__Dorea_A.s__Dorea_A.amylophila	Group	PD	-0.706410651	0.706410651	0.339520371	65	34	0.041541374	0.32736405
d__Bacteria.p__Bacillota_A.c__Clostridia.o__Lachnospirales.f__Lachnospiraceae.g__Butyribacter.s__Butyribacter.sp003529475	Group	PD	-0.703237447	0.703237447	0.403717609	65	30	0.086405693	0.428784029
d__Bacteria.p__Bacillota_A.c__Clostridia.o__Oscillospirales.f__Acutalibacteraceae.g__CAG.177.s__CAG.177.sp003514385	Group	PD	0.701662899	0.701662899	0.327137119	65	9	0.035827135	0.314815048
d__Bacteria.p__Bacillota_A.c__Clostridia.o__Oscillospirales.f__Ruminococcaceae.g__Faecalibacterium.s__Faecalibacterium.sp900539945	Group	PD	-0.699427045	0.699427045	0.402340718	65	33	0.0870266	0.428784029
d__Bacteria.p__Bacillota_A.c__Clostridia.o__Lachnospirales.f__Lachnospiraceae.g__Agathobacter.s__Agathobacter.rectalis	Group	PD	-0.694825549	0.694825549	0.597087493	65	50	0.2489375	0.623226508
d__Bacteria.p__Bacillota_A.c__Clostridia.o__Oscillospirales.f__Butyricicoccaceae.g__Agathobaculum.s__Agathobaculum.butyriciproducens	Group	PD	-0.690442216	0.690442216	0.316887381	65	46	0.033092959	0.301448434
d__Bacteria.p__Bacillota_A.c__Clostridia.o__Lachnospirales.f__Lachnospiraceae.g__Agathobacter.s__Agathobacter.faecis	Group	PD	-0.687390842	0.687390842	0.515542475	65	37	0.187223116	0.52871808
d__Bacteria.p__Bacillota_A.c__Clostridia.o__Lachnospirales.f__Lachnospiraceae.g__Eubacterium_I.s__Eubacterium_I.ramulus	Group	PD	-0.675212425	0.675212425	0.306215508	65	33	0.031110734	0.301448434
d__Bacteria.p__Bacteroidota.c__Bacteroidia.o__Bacteroidales.f__Bacteroidaceae.g__Phocaeicola.s__Phocaeicola.vulgatus	Group	PD	-0.673527447	0.673527447	0.488989211	65	51	0.173266596	0.517283177
d__Bacteria.p__Bacteroidota.c__Bacteroidia.o__Bacteroidales.f__Bacteroidaceae.g__Bacteroides.s__Bacteroides.fragilis	Group	PD	0.669389643	0.669389643	0.43156246	65	32	0.125890954	0.483038118
d__Bacteria.p__Bacillota_A.c__Clostridia.o__UBA1381.f__UBA1381.g__Hominilimicola.s__Hominilimicola.fabiformis	Group	PD	-0.659952926	0.659952926	0.328312561	65	49	0.048703042	0.335262533
d__Bacteria.p__Bacillota_A.c__Clostridia.o__Christensenellales.f__Aristaeellaceae.g__Ventricola.s__Ventricola.sp900542445	Group	PD	-0.65846217	0.65846217	0.273665015	65	36	0.019070332	0.264966842
d__Bacteria.p__Bacillota_A.c__Clostridia.o__Monoglobales.f__Monoglobaceae.g__Monoglobus.s__Monoglobus.pectinilyticus	Group	PD	0.649068286	0.649068286	0.365999992	65	34	0.080993927	0.428784029
d__Bacteria.p__Bacillota_A.c__Clostridia.o__Lachnospirales.f__Lachnospiraceae.g__Otoolea.s__Otoolea.fessa	Group	PD	-0.644581483	0.644581483	0.250168473	65	37	0.012333202	0.241867785
d__Bacteria.p__Bacillota_A.c__Clostridia.o__Lachnospirales.f__Lachnospiraceae.g__Blautia_A.s__Blautia_A.ammoniilytica	Group	PD	0.632947787	0.632947787	0.272081577	65	28	0.023232163	0.292891193
d__Bacteria.p__Bacillota_A.c__Clostridia.o__Lachnospirales.f__Lachnospiraceae.g__Ruminococcus_B.s__Ruminococcus_B.gnavus	Group	PD	0.626386935	0.626386935	0.437964195	65	21	0.157593791	0.517283177
d__Bacteria.p__Bacillota_A.c__Clostridia.o__Lachnospirales.f__Lachnospiraceae.g__Eubacterium_G.s__Eubacterium_G.ventriosum	Group	PD	-0.626352477	0.626352477	0.284219701	65	31	0.03120377	0.301448434
d__Bacteria.p__Bacillota_A.c__Clostridia.o__Oscillospirales.f__Ruminococcaceae.g__Faecalibacterium.s__Faecalibacterium.sp900758465	Group	PD	-0.596649449	0.596649449	0.241868164	65	16	0.016362635	0.264966842
d__Bacteria.p__Bacillota.c__Bacilli.o__Lactobacillales.f__Streptococcaceae.g__Streptococcus.s__Streptococcus.mutans	Group	PD	0.589404849	0.589404849	0.296955337	65	7	0.051522237	0.335262533
d__Bacteria.p__Bacteroidota.c__Bacteroidia.o__Bacteroidales.f__Rikenellaceae.g__Alistipes.s__Alistipes.shahii	Group	PD	-0.581669269	0.581669269	0.384726577	65	38	0.135558836	0.49720599
d__Bacteria.p__Bacillota_A.c__Clostridia.o__Oscillospirales.f__Ruminococcaceae.g__Faecalibacterium.s__Faecalibacterium.prausnitzii_I	Group	PD	-0.572385824	0.572385824	0.288357163	65	25	0.051503699	0.335262533
d__Bacteria.p__Bacillota_A.c__Clostridia.o__Lachnospirales.f__Anaerotignaceae.g__Anaerotignum.s__Anaerotignum.faecicola	Group	PD	-0.571192242	0.571192242	0.274713697	65	24	0.041672907	0.32736405
d__Bacteria.p__Bacillota_I.c__Bacilli_A.o__RF39.f__UBA660.g__CAG.302.s__CAG.302.sp934162325	Group	PD	0.569063549	0.569063549	0.287608563	65	9	0.052236372	0.335262533
d__Bacteria.p__Bacillota_A.c__Clostridia.o__Oscillospirales.f__Oscillospiraceae.g__CAG.103.s__CAG.103.sp900317855	Group	PD	0.559464466	0.559464466	0.418762013	65	16	0.186356566	0.52871808
d__Bacteria.p__Actinomycetota.c__Actinomycetes.o__Actinomycetales.f__Bifidobacteriaceae.g__Bifidobacterium.s__Bifidobacterium.bifidum	Group	PD	0.558276053	0.558276053	0.267977067	65	9	0.041287656	0.32736405
d__Bacteria.p__Bacillota_A.c__Clostridia.o__Lachnospirales.f__Lachnospiraceae.g__Hominiventricola.s__Hominiventricola.sp003480725	Group	PD	-0.557590242	0.557590242	0.185534401	65	18	0.003805318	0.149253036
d__Bacteria.p__Pseudomonadota.c__Gammaproteobacteria.o__Enterobacterales.f__Enterobacteriaceae.g__Escherichia.s__Escherichia.coli_F	Group	PD	0.553936626	0.553936626	0.430982105	65	24	0.203396224	0.556580364
d__Bacteria.p__Bacillota.c__Bacilli.o__Lactobacillales.f__Streptococcaceae.g__Lactococcus.s__Lactococcus.lactis	Group	PD	0.55392809	0.55392809	0.311588572	65	21	0.080270321	0.428784029
d__Bacteria.p__Bacillota_A.c__Clostridia.o__Lachnospirales.f__Lachnospiraceae.g__Butyribacter.s__Butyribacter.intestini	Group	PD	-0.553521971	0.553521971	0.232405249	65	12	0.020265204	0.264966842
d__Bacteria.p__Bacteroidota.c__Bacteroidia.o__Bacteroidales.f__Tannerellaceae.g__Parabacteroides.s__Parabacteroides.merdae	Group	PD	0.545853338	0.545853338	0.310306565	65	30	0.083419916	0.428784029
d__Bacteria.p__Bacillota_A.c__Clostridia.o__Oscillospirales.f__Ruminococcaceae.g__Faecalibacterium.s__Faecalibacterium.sp900539885	Group	PD	-0.542568855	0.542568855	0.385844006	65	24	0.164581914	0.517283177
d__Bacteria.p__Bacillota_A.c__Clostridia.o__Lachnospirales.f__Lachnospiraceae.g__Bariatricus.s__Bariatricus.comes_A	Group	PD	-0.542432212	0.542432212	0.34551359	65	52	0.121440712	0.47631746
d__Bacteria.p__Verrucomicrobiota.c__Verrucomicrobiae.o__Verrucomicrobiales.f__Akkermansiaceae.g__Akkermansia.s__Akkermansia.muciniphila	Group	PD	0.53963799	0.53963799	0.493511247	65	19	0.278352527	0.677644427
d__Bacteria.p__Bacteroidota.c__Bacteroidia.o__Bacteroidales.f__Rikenellaceae.g__Alistipes_A.s__Alistipes_A.ihumii	Group	PD	0.537902202	0.537902202	0.24304418	65	23	0.030514775	0.301448434
d__Bacteria.p__Bacillota_A.c__Clostridia.o__Lachnospirales.f__Lachnospiraceae.g__Blautia_A.s__Blautia_A.sp000436615	Group	PD	-0.537066308	0.537066308	0.332610108	65	18	0.111372984	0.457147247
d__Bacteria.p__Bacillota_A.c__Clostridia.o__Lachnospirales.f__Lachnospiraceae.g__Sellimonas.s__Sellimonas.intestinalis	Group	PD	0.533768098	0.533768098	0.316904099	65	15	0.097068374	0.441352353
d__Bacteria.p__Bacillota_A.c__Clostridia.o__Lachnospirales.f__Lachnospiraceae.g__Lachnospira.s__Lachnospira.sp000437735	Group	PD	-0.533172722	0.533172722	0.272625391	65	21	0.054938922	0.335714516
d__Bacteria.p__Bacillota_A.c__Clostridia.o__TANB77.f__CAG.508.g__CAG.273.s__CAG.273.sp003534295	Group	PD	0.515824743	0.515824743	0.314458292	65	10	0.105914418	0.456368061
d__Bacteria.p__Bacteroidota.c__Bacteroidia.o__Bacteroidales.f__Barnesiellaceae.g__Barnesiella.s__Barnesiella.intestinihominis	Group	PD	0.515735943	0.515735943	0.431335832	65	36	0.236305945	0.60375699
d__Bacteria.p__Bacillota_A.c__Clostridia.o__Lachnospirales.f__Lachnospiraceae.g__Enterocloster.s__Enterocloster.sp000431375	Group	PD	-0.500815378	0.500815378	0.335956573	65	30	0.141026592	0.49720599
d__Bacteria.p__Bacteroidota.c__Bacteroidia.o__Bacteroidales.f__Rikenellaceae.g__Alistipes.s__Alistipes.putredinis	Group	PD	-0.496492131	0.496492131	0.571737174	65	47	0.388475728	0.8009668
d__Bacteria.p__Bacillota_I.c__Bacilli_A.o__Erysipelotrichales.f__Coprobacillaceae.g__Faecalibacillus.s__Faecalibacillus.intestinalis	Group	PD	-0.494740084	0.494740084	0.314810676	65	36	0.121064635	0.47631746
d__Bacteria.p__Bacillota_A.c__Clostridia.o__Oscillospirales.f__Oscillospiraceae.g__UMGS1766.s__UMGS1766.sp959602365	Group	PD	0.493807723	0.493807723	0.175172847	65	10	0.006431003	0.21393207
d__Bacteria.p__Bacillota_A.c__Clostridia.o__Lachnospirales.f__Lachnospiraceae.g__Roseburia_B.s__Roseburia_B.zhanii	Group	PD	-0.486717287	0.486717287	0.137217925	65	9	0.000741779	0.056682207
d__Bacteria.p__Bacillota_A.c__Clostridia.o__Oscillospirales.f__Ruminococcaceae.g__CAG.115.s__CAG.115.sp003531585	Group	PD	-0.481342774	0.481342774	0.180291948	65	11	0.009642702	0.241867785
d__Bacteria.p__Bacillota_A.c__Clostridia.o__Oscillospirales.f__Ruminococcaceae.g__Angelakisella.s__Angelakisella.sp900547385	Group	PD	0.473395323	0.473395323	0.227746504	65	13	0.041731961	0.32736405
d__Bacteria.p__Bacillota_A.c__Clostridia.o__Lachnospirales.f__Lachnospiraceae.g__Pararoseburia.s__Pararoseburia.lenta	Group	PD	-0.473151666	0.473151666	0.181569724	65	9	0.011421623	0.241867785
d__Bacteria.p__Bacillota_A.c__Clostridia.o__Lachnospirales.f__Lachnospiraceae.g__Mediterraneibacter.s__Mediterraneibacter.sp934330165	Group	PD	-0.472478446	0.472478446	0.288910876	65	21	0.10695698	0.456368061
d__Bacteria.p__Bacillota_A.c__Clostridia.o__Lachnospirales.f__Lachnospiraceae.g__Alitiscatomonas.s__Alitiscatomonas.sp900066535	Group	PD	-0.470679162	0.470679162	0.241862445	65	20	0.056110925	0.335714516
d__Bacteria.p__Bacillota_A.c__Clostridia.o__Oscillospirales.f__Ruminococcaceae.g__Gemmiger.s__Gemmiger.sp900539695	Group	PD	-0.468726259	0.468726259	0.247546256	65	26	0.062887044	0.358260321
d__Bacteria.p__Pseudomonadota.c__Gammaproteobacteria.o__Burkholderiales.f__Burkholderiaceae.g__Parasutterella.s__Parasutterella.sp900552195	Group	PD	-0.464469816	0.464469816	0.311921128	65	23	0.141460327	0.49720599
d__Bacteria.p__Bacillota_A.c__Clostridia.o__Lachnospirales.f__Lachnospiraceae.g__Limivivens.s__Limivivens.sp905214955	Group	PD	-0.452899424	0.452899424	0.22081855	65	21	0.044430929	0.333704636
d__Bacteria.p__Actinomycetota.c__Actinomycetes.o__Actinomycetales.f__Bifidobacteriaceae.g__Bifidobacterium.s__Bifidobacterium.animalis_B	Group	PD	0.449208594	0.449208594	0.391095773	65	16	0.255067583	0.634076456
d__Bacteria.p__Bacillota_A.c__Clostridia.o__Lachnospirales.f__Lachnospiraceae.g__Alitiscatomonas.s__Alitiscatomonas.sp900066785	Group	PD	-0.44830155	0.44830155	0.209870933	65	13	0.036564921	0.314815048
d__Bacteria.p__Bacillota_C.c__Negativicutes.o__Veillonellales.f__Dialisteraceae.g__Dialister.s__Dialister.invisus	Group	PD	0.445387108	0.445387108	0.436755035	65	21	0.31174052	0.718236192
d__Bacteria.p__Bacillota_A.c__Clostridia.o__Lachnospirales.f__Lachnospiraceae.g__Dorea_D.s__Dorea_D.sp000433535	Group	PD	0.443026847	0.443026847	0.355231923	65	21	0.216959675	0.580202766
d__Bacteria.p__Bacillota_A.c__Clostridia.o__TANB77.f__CAG.508.g__Merdicola.s__Merdicola.sp018371855	Group	PD	0.437130001	0.437130001	0.31369192	65	10	0.16836517	0.517283177
d__Bacteria.p__Bacillota_A.c__Clostridia.o__Lachnospirales.f__Lachnospiraceae.g__Eubacterium_G.s__Eubacterium_G.sp000434315	Group	PD	-0.430089373	0.430089373	0.213459968	65	13	0.048193102	0.335262533
d__Bacteria.p__Bacillota_A.c__Clostridia.o__Lachnospirales.f__Lachnospiraceae.g__Dorea_D.s__Dorea_D.sp900543415	Group	PD	0.429974141	0.429974141	0.302104062	65	11	0.159592866	0.517283177
d__Bacteria.p__Bacillota_A.c__Clostridia.o__Lachnospirales.f__Lachnospiraceae.g__Roseburia_C.s__Roseburia_C.amylophila	Group	PD	-0.428316028	0.428316028	0.351344062	65	20	0.227359261	0.59893895
d__Bacteria.p__Bacillota_A.c__Clostridia.o__Oscillospirales.f__Ruminococcaceae.g__Porcipelethomonas.s__Porcipelethomonas.sp900538575	Group	PD	-0.425165732	0.425165732	0.30749795	65	8	0.17165023	0.517283177
d__Bacteria.p__Bacillota_A.c__Clostridia.o__Lachnospirales.f__Lachnospiraceae.g__UBA3402.s__UBA3402.sp003478355	Group	PD	-0.420800911	0.420800911	0.206793125	65	12	0.04607522	0.335262533
d__Bacteria.p__Bacillota_I.c__Bacilli_A.o__Erysipelotrichales.f__Coprobacillaceae.g__Faecalibacillus.s__Faecalibacillus.faecis	Group	PD	0.420764807	0.420764807	0.216009623	65	13	0.055885854	0.335714516
d__Bacteria.p__Bacillota_A.c__Clostridia.o__Oscillospirales.f__Oscillospiraceae.g__Evtepia.s__Evtepia.gabavorous	Group	PD	0.418983952	0.418983952	0.325060415	65	39	0.202131213	0.556580364
d__Bacteria.p__Bacillota_A.c__Clostridia.o__Lachnospirales.f__Lachnospiraceae.g__Roseburia.s__Roseburia.inulinivorans	Group	PD	-0.415982303	0.415982303	0.30280337	65	34	0.174381581	0.517283177
d__Bacteria.p__Bacillota_A.c__Clostridia.o__Lachnospirales.f__Lachnospiraceae.g__Brotaphodocola.s__Brotaphodocola.sp003480315	Group	PD	-0.412621064	0.412621064	0.117296616	65	9	0.000813494	0.056682207
d__Bacteria.p__Bacteroidota.c__Bacteroidia.o__Bacteroidales.f__Rikenellaceae.g__Alistipes_A.s__Alistipes_A.indistinctus	Group	PD	0.410965415	0.410965415	0.308093181	65	23	0.187038978	0.52871808
d__Bacteria.p__Bacillota_A.c__Clostridia.o__Lachnospirales.f__Lachnospiraceae.g__Blautia_A.s__Blautia_A.faecis	Group	PD	0.409741085	0.409741085	0.341887408	65	62	0.235223868	0.60375699
d__Bacteria.p__Bacillota_A.c__Clostridia.o__Lachnospirales.f__Lachnospiraceae.g__Faecalimonas.s__Faecalimonas.sp029983955	Group	PD	0.407079811	0.407079811	0.300663134	65	14	0.180592706	0.526512716
d__Bacteria.p__Bacillota_A.c__Clostridia.o__Oscillospirales.f__Ruminococcaceae.g__Ruminiclostridium_E.s__Ruminiclostridium_E.siraeum	Group	PD	-0.405651704	0.405651704	0.449484066	65	25	0.370238021	0.773337405
d__Bacteria.p__Bacillota_A.c__Clostridia.o__Lachnospirales.f__Lachnospiraceae.g__Blautia.s__Blautia.celeris	Group	PD	0.40036695	0.40036695	0.193515324	65	12	0.042662802	0.32739063
d__Bacteria.p__Bacillota_A.c__Clostridia.o__Lachnospirales.f__Lachnospiraceae.g__Acetatifactor.s__Acetatifactor.intestinalis	Group	PD	-0.399122786	0.399122786	0.417524176	65	19	0.342762804	0.75230675
d__Bacteria.p__Bacillota_A.c__Clostridia.o__Oscillospirales.f__Oscillospiraceae.g__Onthomonas.s__Onthomonas.sp003150485	Group	PD	0.398874004	0.398874004	0.255447581	65	13	0.123422382	0.478770338
d__Bacteria.p__Bacillota_A.c__Clostridia.o__Lachnospirales.f__Lachnospiraceae.g__Blautia_A.s__Blautia_A.sp934424005	Group	PD	-0.392706088	0.392706088	0.470569906	65	48	0.407134142	0.806923273
d__Bacteria.p__Bacillota_A.c__Clostridia.o__Oscillospirales.f__Oscillospiraceae.g__Dysosmobacter.s__Dysosmobacter.faecalis	Group	PD	-0.390238205	0.390238205	0.212994206	65	17	0.071655897	0.395227055
d__Bacteria.p__Bacillota_A.c__Clostridia.o__Oscillospirales.f__Acutalibacteraceae.g__Hominenteromicrobium.s__Hominenteromicrobium.sp900549945	Group	PD	0.385426988	0.385426988	0.265922457	65	10	0.152186831	0.516016318
d__Bacteria.p__Bacillota_A.c__Clostridia.o__Lachnospirales.f__Lachnospiraceae.g__Clostridium_AP.s__Clostridium_AP.scindens	Group	PD	0.384180722	0.384180722	0.17594577	65	11	0.032729972	0.301448434
d__Bacteria.p__Bacillota_A.c__Clostridia.o__Lachnospirales.f__Lachnospiraceae.g__Eubacterium_F.s__Eubacterium_F.sp000433735	Group	PD	-0.378391112	0.378391112	0.200656529	65	13	0.063938811	0.358260321
d__Bacteria.p__Bacillota_A.c__Clostridia.o__Lachnospirales.f__Lachnospiraceae.g__Lachnospira.s__Lachnospira.hominis	Group	PD	-0.373390673	0.373390673	0.251163495	65	17	0.142096683	0.49720599
d__Bacteria.p__Bacteroidota.c__Bacteroidia.o__Bacteroidales.f__Bacteroidaceae.g__Bacteroides.s__Bacteroides.clarus	Group	PD	0.366264314	0.366264314	0.242676742	65	11	0.136229468	0.49720599
d__Bacteria.p__Bacillota_A.c__Clostridia.o__Lachnospirales.f__Lachnospiraceae.g__Hungatella.s__Hungatella.effluvii	Group	PD	0.364275655	0.364275655	0.207280957	65	9	0.083707686	0.428784029
d__Bacteria.p__Bacillota_A.c__Clostridia.o__Lachnospirales.f__Lachnospiraceae.g__Mediterraneibacter.s__Mediterraneibacter.sp900541505	Group	PD	0.364217123	0.364217123	0.166666533	65	13	0.032592687	0.301448434
d__Bacteria.p__Bacillota_A.c__Clostridia.o__Lachnospirales.f__Lachnospiraceae.g__Anaerobutyricum.s__Anaerobutyricum.soehngenii	Group	PD	-0.361479715	0.361479715	0.49054213	65	44	0.463919605	0.823730143
d__Bacteria.p__Actinomycetota.c__Coriobacteriia.o__Coriobacteriales.f__QAMH01.g__QAMH01.s__QAMH01.sp900544245	Group	PD	0.359602738	0.359602738	0.289458782	65	15	0.218720178	0.580512954
d__Bacteria.p__Bacteroidota.c__Bacteroidia.o__Bacteroidales.f__Rikenellaceae.g__Alistipes.s__Alistipes.finegoldii	Group	PD	0.358809888	0.358809888	0.386500251	65	39	0.356766152	0.763802355
d__Bacteria.p__Bacillota_A.c__Clostridia.o__Lachnospirales.f__Lachnospiraceae.g__Roseburia.s__Roseburia.hominis	Group	PD	-0.356382695	0.356382695	0.335397223	65	51	0.292033629	0.69653967
d__Archaea.p__Methanobacteriota.c__Methanobacteria.o__Methanobacteriales.f__Methanobacteriaceae.g__Methanobrevibacter_A.s__Methanobrevibacter_A.smithii	Group	PD	0.355640683	0.355640683	0.508867534	65	22	0.487195076	0.847191437
d__Bacteria.p__Bacillota_A.c__Clostridia.o__Lachnospirales.f__Lachnospiraceae.g__Brotaphodocola.s__Brotaphodocola.sp003478505	Group	PD	-0.352310596	0.352310596	0.125559219	65	10	0.006666438	0.21393207
d__Bacteria.p__Actinomycetota.c__Actinomycetes.o__Actinomycetales.f__Bifidobacteriaceae.g__Bifidobacterium.s__Bifidobacterium.pseudocatenulatum	Group	PD	0.345269771	0.345269771	0.372111441	65	8	0.357018098	0.763802355
d__Bacteria.p__Bacteroidota.c__Bacteroidia.o__Bacteroidales.f__Bacteroidaceae.g__Bacteroides.s__Bacteroides.zhangwenhongii	Group	PD	-0.343352317	0.343352317	0.15525786	65	10	0.030637304	0.301448434
d__Bacteria.p__Bacteroidota.c__Bacteroidia.o__Bacteroidales.f__Bacteroidaceae.g__Bacteroides.s__Bacteroides.xylanisolvens	Group	PD	-0.339707753	0.339707753	0.449912568	65	31	0.453030825	0.823668018
d__Bacteria.p__Bacillota_A.c__Clostridia.o__Oscillospirales.f__Oscillospiraceae.g__Faecousia.s__Faecousia.sp000434635	Group	PD	0.336021277	0.336021277	0.403488904	65	23	0.408109538	0.806923273
d__Bacteria.p__Bacillota_A.c__Clostridia.o__Lachnospirales.f__Lachnospiraceae.g__Enterocloster.s__Enterocloster.bolteae	Group	PD	0.331685844	0.331685844	0.229583262	65	19	0.153489273	0.516016318
d__Bacteria.p__Bacteroidota.c__Bacteroidia.o__Bacteroidales.f__Bacteroidaceae.g__Bacteroides.s__Bacteroides.cellulosilyticus	Group	PD	-0.331628465	0.331628465	0.441141951	65	27	0.455000746	0.823668018
d__Bacteria.p__Bacillota_A.c__Clostridia.o__Lachnospirales.f__Lachnospiraceae.g__Roseburia_D.s__Roseburia_D.yibonii	Group	PD	-0.33143322	0.33143322	0.168743088	65	7	0.053930559	0.335714516
d__Bacteria.p__Bacillota_A.c__Clostridia.o__Christensenellales.f__CAG.138.g__SFEL01.s__SFEL01.sp004557245	Group	PD	0.330372432	0.330372432	0.317615396	65	17	0.302238765	0.707102373
d__Bacteria.p__Bacillota_A.c__Clostridia.o__Oscillospirales.f__Acutalibacteraceae.g__Fimivicinus.s__Fimivicinus.sp900544375	Group	PD	-0.323866209	0.323866209	0.36864473	65	12	0.382993497	0.795274733
d__Bacteria.p__Bacillota_A.c__Clostridia.o__Lachnospirales.f__Lachnospiraceae.g__Eisenbergiella.s__Eisenbergiella.porci	Group	PD	0.323547135	0.323547135	0.19309301	65	11	0.098772906	0.441352353
d__Bacteria.p__Bacillota_A.c__Clostridia.o__Lachnospirales.f__Lachnospiraceae.g__Enterocloster.s__Enterocloster.sp900541315	Group	PD	-0.321935307	0.321935307	0.214223696	65	12	0.137887092	0.49720599
d__Bacteria.p__Bacillota_A.c__Clostridia.o__Peptostreptococcales.f__Anaerovoracaceae.g__Emergencia.s__Emergencia.timonensis	Group	PD	0.318884633	0.318884633	0.139694726	65	10	0.025832228	0.301448434
d__Bacteria.p__Bacillota_A.c__Clostridia.o__Oscillospirales.f__Oscillospiraceae.g__Hominicoprocola.s__Hominicoprocola.sp900317525	Group	PD	0.309261046	0.309261046	0.299837296	65	25	0.306282914	0.711301768
d__Bacteria.p__Bacillota_A.c__Clostridia.o__Oscillospirales.f__Oscillospiraceae.g__CAG.103.s__CAG.103.sp905215475	Group	PD	-0.308379345	0.308379345	0.387763	65	16	0.429438003	0.810650348
d__Bacteria.p__Bacillota_A.c__Clostridia.o__Oscillospirales.f__Oscillospiraceae.g__Enterenecus.s__Enterenecus.sp900549885	Group	PD	0.306824457	0.306824457	0.204327455	65	16	0.138188254	0.49720599
d__Bacteria.p__Bacillota_A.c__Clostridia.o__Peptostreptococcales.f__Anaerovoracaceae.g__UMGS973.s__UMGS973.sp900547295	Group	PD	0.30639834	0.30639834	0.183718562	65	10	0.100327227	0.442693889
d__Bacteria.p__Bacillota_A.c__Clostridia.o__Lachnospirales.f__Lachnospiraceae.g__Blautia_A.s__Blautia_A.sp003474435	Group	PD	-0.306260519	0.306260519	0.176420167	65	7	0.087457366	0.428784029
d__Bacteria.p__Bacillota_A.c__Clostridia.o__Oscillospirales.f__Oscillospiraceae.g__Flavonifractor.s__Flavonifractor.plautii	Group	PD	0.30338935	0.30338935	0.300557684	65	35	0.316633893	0.718236192
d__Bacteria.p__Bacillota_A.c__Clostridia.o__Peptostreptococcales.f__Anaerovoracaceae.g__Alangreenwoodia.s__Alangreenwoodia.sp905206455	Group	PD	-0.302417744	0.302417744	0.173452037	65	21	0.086120416	0.428784029
d__Bacteria.p__Bacillota_A.c__Clostridia.o__Oscillospirales.f__Ruminococcaceae.g__Negativibacillus.s__Negativibacillus.massiliensis	Group	PD	-0.301756556	0.301756556	0.2531558	65	11	0.237740004	0.60375699
d__Bacteria.p__Bacillota_A.c__Clostridia.o__Oscillospirales.f__Ruminococcaceae.g__Gemmiger.s__Gemmiger.sp900540595	Group	PD	0.301163185	0.301163185	0.276729179	65	9	0.280610424	0.678462191
d__Bacteria.p__Bacillota_A.c__Clostridia.o__Lachnospirales.f__Lachnospiraceae.g__Ventrisoma.s__Ventrisoma.faecale	Group	PD	0.300655939	0.300655939	0.238088843	65	13	0.211319105	0.573812646
d__Bacteria.p__Actinomycetota.c__Coriobacteriia.o__Coriobacteriales.f__Eggerthellaceae.g__Anaerotardibacter.s__Anaerotardibacter.sp000435675	Group	PD	-0.298830106	0.298830106	0.372907364	65	22	0.425939944	0.810123977
d__Bacteria.p__Bacillota_I.c__Bacilli_A.o__Erysipelotrichales.f__Erysipelotrichaceae.g__Clostridium_AQ.s__Clostridium_AQ.innocuum	Group	PD	0.29777915	0.29777915	0.188056943	65	14	0.118326023	0.474648707
d__Bacteria.p__Bacillota_A.c__Clostridia.o__Oscillospirales.f__Acutalibacteraceae.g__CAG.217.s__	Group	PD	0.294286648	0.294286648	0.475481777	65	20	0.538198672	0.885125161
d__Bacteria.p__Bacillota_A.c__Clostridia.o__Lachnospirales.f__Lachnospiraceae.g__Lachnospira.s__Lachnospira.pectinoschiza_A	Group	PD	-0.293405086	0.293405086	0.289848622	65	24	0.315280988	0.718236192
d__Bacteria.p__Bacillota_A.c__Clostridia.o__Oscillospirales.f__Acutalibacteraceae.g__UMGS1623.s__UMGS1623.sp934647945	Group	PD	0.291077243	0.291077243	0.195876482	65	18	0.142260071	0.49720599
d__Bacteria.p__Bacteroidota.c__Bacteroidia.o__Bacteroidales.f__Rikenellaceae.g__Alistipes.s__Alistipes.communis	Group	PD	0.290388891	0.290388891	0.379882042	65	38	0.447471624	0.823668018
d__Bacteria.p__Bacillota_A.c__Clostridia.o__Oscillospirales.f__Oscillospiraceae.g__Hominicoprocola.s__Hominicoprocola.sp934835795	Group	PD	-0.289241144	0.289241144	0.352168134	65	39	0.414563857	0.810123977
d__Bacteria.p__Bacillota.c__Bacilli.o__Lactobacillales.f__Streptococcaceae.g__Streptococcus.s__Streptococcus.sp001556435	Group	PD	0.28765932	0.28765932	0.392817508	65	53	0.46670263	0.823730143
d__Bacteria.p__Bacillota_A.c__Clostridia.o__Lachnospirales.f__Lachnospiraceae.g__Coprococcus_A.s__Coprococcus_A.catus	Group	PD	-0.280625262	0.280625262	0.235307107	65	23	0.237501884	0.60375699
d__Bacteria.p__Bacillota_A.c__Clostridia.o__Lachnospirales.f__Lachnospiraceae.g__Limivivens.s__Limivivens.sp934393555	Group	PD	-0.280555136	0.280555136	0.207877021	65	17	0.181967567	0.526512716
d__Bacteria.p__Bacillota.c__Bacilli.o__MOL361.f__Turicibacteraceae.g__Turicibacter.s__Turicibacter.sanguinis	Group	PD	0.270105999	0.270105999	0.199948587	65	9	0.181566775	0.526512716
d__Bacteria.p__Bacillota_A.c__Clostridia.o__Oscillospirales.f__Oscillospiraceae.g__Lawsonibacter.s__Lawsonibacter.asaccharolyticus	Group	PD	-0.269807236	0.269807236	0.25951486	65	36	0.302471553	0.707102373
d__Bacteria.p__Bacillota_A.c__Clostridia.o__Lachnospirales.f__Lachnospiraceae.g__Coprococcus_A.s__Coprococcus_A.catus_A	Group	PD	0.254896037	0.254896037	0.315825173	65	42	0.422657243	0.810123977
d__Bacteria.p__Bacteroidota.c__Bacteroidia.o__Bacteroidales.f__Bacteroidaceae.g__Bacteroides.s__Bacteroides.stercoris	Group	PD	0.254637334	0.254637334	0.444874025	65	18	0.569101083	0.904921992
d__Bacteria.p__Bacillota_A.c__Clostridia.o__Oscillospirales.f__Oscillospiraceae.g__Faecousia.s__Faecousia.sp003525905	Group	PD	0.252841241	0.252841241	0.435601863	65	38	0.563687665	0.900369891
d__Bacteria.p__Bacillota_A.c__Clostridia.o__Oscillospirales.f__Acutalibacteraceae.g__Ruminococcus_E.s__Ruminococcus_E.intestinalis	Group	PD	0.249603516	0.249603516	0.471676861	65	8	0.598538026	0.90832349
d__Bacteria.p__Bacteroidota.c__Bacteroidia.o__Bacteroidales.f__Bacteroidaceae.g__Bacteroides.s__Bacteroides.faecis	Group	PD	0.246861742	0.246861742	0.236811953	65	9	0.30119255	0.707102373
d__Bacteria.p__Bacillota_A.c__Clostridia.o__Lachnospirales.f__Lachnospiraceae.g__Blautia_A.s__Blautia_A.sp900548245	Group	PD	-0.243336147	0.243336147	0.323247909	65	21	0.454382964	0.823668018
d__Bacteria.p__Bacillota_A.c__Clostridia.o__Lachnospirales.f__Lachnospiraceae.g__Muricoprocola.s__Muricoprocola.aceti	Group	PD	-0.237288711	0.237288711	0.158633816	65	8	0.13969174	0.49720599
d__Bacteria.p__Bacillota_A.c__Clostridia.o__Lachnospirales.f__Lachnospiraceae.g__Blautia_A.s__Blautia_A.sp900120195	Group	PD	0.237089382	0.237089382	0.255244156	65	17	0.356500346	0.763802355
d__Bacteria.p__Actinomycetota.c__Coriobacteriia.o__Coriobacteriales.f__UMGS124.g__JAHZGC01.s__JAHZGC01.sp019421015	Group	PD	0.236928057	0.236928057	0.168554809	65	11	0.164742514	0.517283177
d__Bacteria.p__Actinomycetota.c__Coriobacteriia.o__Coriobacteriales.f__Eggerthellaceae.g__Anaerotardibacter.s__Anaerotardibacter.sp000436075	Group	PD	0.236091421	0.236091421	0.312763253	65	15	0.453147691	0.823668018
d__Bacteria.p__Bacillota_A.c__Clostridia.o__Oscillospirales.f__Oscillospiraceae.g__UBA738.s__UBA738.sp003522945	Group	PD	0.235879056	0.235879056	0.211829122	65	14	0.269709443	0.665786247
d__Bacteria.p__Bacillota.c__Bacilli.o__Lactobacillales.f__Streptococcaceae.g__Streptococcus.s__Streptococcus.sp902463925	Group	PD	0.235376939	0.235376939	0.287690212	65	9	0.416349049	0.810123977
d__Bacteria.p__Bacillota_A.c__Clostridia.o__Lachnospirales.f__Lachnospiraceae.g__Jutongia.s__Jutongia.sp003524945	Group	PD	-0.235036461	0.235036461	0.187112805	65	8	0.213710085	0.575875268
d__Bacteria.p__Bacteroidota.c__Bacteroidia.o__Bacteroidales.f__Bacteroidaceae.g__Bacteroides.s__Bacteroides.thetaiotaomicron	Group	PD	-0.232963458	0.232963458	0.372673673	65	44	0.534154132	0.885125161
d__Bacteria.p__Bacillota_A.c__Clostridia.o__Lachnospirales.f__Lachnospiraceae.g__Blautia_A.s__Blautia_A.hydrogenotrophica	Group	PD	0.231658381	0.231658381	0.231450179	65	17	0.320704328	0.721074061
d__Bacteria.p__Bacillota_A.c__Clostridia.o__Oscillospirales.f__Oscillospiraceae.g__Vescimonas.s__Vescimonas.cirricatena	Group	PD	0.230108943	0.230108943	0.348727086	65	18	0.511752755	0.868503474
d__Bacteria.p__Bacillota_A.c__Clostridia.o__Lachnospirales.f__Lachnospiraceae.g__JAGTTR01.s__JAGTTR01.sp018223385	Group	PD	-0.228194578	0.228194578	0.134963179	65	9	0.095818858	0.441352353
d__Bacteria.p__Bacillota_A.c__Clostridia.o__Oscillospirales.f__Ruminococcaceae.g__Faecalibacterium.s__Faecalibacterium.prausnitzii_D	Group	PD	-0.22814922	0.22814922	0.372336814	65	46	0.542247589	0.885125161
d__Bacteria.p__Bacillota_A.c__Clostridia.o__Lachnospirales.f__Lachnospiraceae.g__Oliverpabstia.s__Oliverpabstia.intestinalis	Group	PD	-0.225270588	0.225270588	0.41260393	65	45	0.587012749	0.90832349
d__Bacteria.p__Bacillota_A.c__Clostridia.o__Oscillospirales.f__Acutalibacteraceae.g__Avimonas_A.s__Avimonas_A.narfia	Group	PD	0.224866749	0.224866749	0.162540405	65	9	0.171409338	0.517283177
d__Bacteria.p__Bacillota_I.c__Bacilli_A.o__Erysipelotrichales.f__Erysipelotrichaceae.g__Longicatena.s__Longicatena.caecimuris	Group	PD	0.22294563	0.22294563	0.160433511	65	11	0.169528249	0.517283177
d__Bacteria.p__Bacteroidota.c__Bacteroidia.o__Bacteroidales.f__Coprobacteraceae.g__Coprobacter.s__Coprobacter.fastidiosus	Group	PD	-0.219710294	0.219710294	0.157536432	65	8	0.168015759	0.517283177
d__Bacteria.p__Bacillota_A.c__Clostridia.o__Oscillospirales.f__Oscillospiraceae.g__Vescimonas.s__Vescimonas.sp003539495	Group	PD	-0.217381213	0.217381213	0.166214674	65	8	0.195681884	0.54390319
d__Bacteria.p__Bacteroidota.c__Bacteroidia.o__Bacteroidales.f__Bacteroidaceae.g__Bacteroides.s__Bacteroides.caccae	Group	PD	0.214642947	0.214642947	0.473492385	65	38	0.651876844	0.909535676
d__Bacteria.p__Bacillota_A.c__Clostridia.o__Oscillospirales.f__Oscillospiraceae.g__Pseudoflavonifractor.s__Pseudoflavonifractor.faecis	Group	PD	0.213388094	0.213388094	0.130901529	65	10	0.108061607	0.456368061
d__Bacteria.p__Actinomycetota.c__Coriobacteriia.o__Coriobacteriales.f__Eggerthellaceae.g__Senegalimassilia.s__Senegalimassilia.anaerobia	Group	PD	-0.212864426	0.212864426	0.211217744	65	7	0.317407496	0.718236192
d__Bacteria.p__Bacillota.c__Bacilli.o__MOL361.f__Turicibacteraceae.g__Turicibacter.s__Turicibacter.bilis	Group	PD	0.212243619	0.212243619	0.223185283	65	15	0.345251257	0.75230675
d__Bacteria.p__Bacillota_A.c__Clostridia.o__TANB77.f__CAG.508.g__CAG.269.s__CAG.269.sp003525075	Group	PD	-0.208007225	0.208007225	0.250344104	65	15	0.409176391	0.806923273
d__Bacteria.p__Bacillota_A.c__Clostridia.o__Christensenellales.f__Aristaeellaceae.g__Ventricola.s__Ventricola.sp900542395	Group	PD	0.20581822	0.20581822	0.253602382	65	12	0.420089365	0.810123977
d__Bacteria.p__Bacillota_A.c__Clostridia.o__Christensenellales.f__Aristaeellaceae.g__Alectryocaccomicrobium.s__Alectryocaccomicrobium.faecavium	Group	PD	-0.205481903	0.205481903	0.169611554	65	9	0.230234085	0.602019497
d__Bacteria.p__Pseudomonadota.c__Alphaproteobacteria.o__RF32.f__CAG.239.g__Scatacola_A.s__Scatacola_A.faecigallinarum	Group	PD	0.205274731	0.205274731	0.336564467	65	11	0.544113768	0.885125161
d__Bacteria.p__Bacillota_I.c__Bacilli_A.o__Erysipelotrichales.f__Coprobacillaceae.g__Allocoprobacillus.s__Allocoprobacillus.merdigallinarum	Group	PD	0.204054193	0.204054193	0.12764211	65	7	0.114903685	0.466218401
d__Bacteria.p__Bacillota_A.c__Clostridia.o__Oscillospirales.f__Acutalibacteraceae.g__Acutalibacter.s__Acutalibacter.sp900548545	Group	PD	0.201289002	0.201289002	0.152976117	65	9	0.193002679	0.540713855
d__Bacteria.p__Bacillota_A.c__Clostridia.o__Clostridiales.f__Clostridiaceae.g__Clostridium.s__Clostridium.sp900540255	Group	PD	0.198890414	0.198890414	0.138169724	65	9	0.154969452	0.516077516
d__Bacteria.p__Bacillota_A.c__Clostridia.o__Christensenellales.f__Aristaeellaceae.g__Egerieenecus.s__Egerieenecus.sp900553315	Group	PD	0.19660113	0.19660113	0.135647917	65	7	0.152200042	0.516016318
d__Bacteria.p__Bacillota_A.c__Clostridia.o__Lachnospirales.f__Lachnospiraceae.g__Blautia_A.s__Blautia_A.sp934394595	Group	PD	0.195099768	0.195099768	0.215299637	65	20	0.368294544	0.773337405
d__Bacteria.p__Bacillota_A.c__Clostridia.o__Oscillospirales.f__Oscillospiraceae.g__CAG.170.s__CAG.170.sp900545925	Group	PD	0.193111861	0.193111861	0.165316126	65	10	0.247153222	0.623179195
d__Bacteria.p__Bacillota_A.c__Clostridia.o__Lachnospirales.f__Lachnospiraceae.g__Limivivens.s__Limivivens.faecihominis	Group	PD	-0.192686379	0.192686379	0.253635974	65	38	0.450269474	0.823668018
d__Bacteria.p__Bacillota_A.c__Clostridia.o__TANB77.f__CAG.508.g__CAG.269.s__CAG.269.sp001916005	Group	PD	-0.191768132	0.191768132	0.137006221	65	8	0.166507082	0.517283177
d__Bacteria.p__Bacillota_A.c__Clostridia.o__Oscillospirales.f__Ruminococcaceae.g__UBA3818.s__UBA3818.sp900557155	Group	PD	-0.186740636	0.186740636	0.205347158	65	15	0.366610353	0.773337405
d__Bacteria.p__Bacillota_A.c__Clostridia.o__Lachnospirales.f__Lachnospiraceae.g__Hominifimenecus.s__Hominifimenecus.microfluidus	Group	PD	-0.186335398	0.186335398	0.132542274	65	7	0.164679703	0.517283177
d__Bacteria.p__Bacillota_A.c__Clostridia.o__Lachnospirales.f__Lachnospiraceae.g__Frisingicoccus.s__Frisingicoccus.sp900549105	Group	PD	0.184861953	0.184861953	0.214124745	65	7	0.391226762	0.8009668
d__Bacteria.p__Bacillota_A.c__Clostridia.o__Oscillospirales.f__Oscillospiraceae.g__Intestinimonas.s__Intestinimonas.massiliensis	Group	PD	0.183710383	0.183710383	0.201723862	65	14	0.365923648	0.773337405
d__Bacteria.p__Bacillota_A.c__Clostridia.o__Christensenellales.f__CAG.138.g__PeH17.s__PeH17.sp000435055	Group	PD	-0.182467138	0.182467138	0.436385219	65	24	0.677271602	0.915297303
d__Bacteria.p__Bacillota_A.c__Clostridia.o__Lachnospirales.f__Lachnospiraceae.g__Pseudolachnospira.s__Pseudolachnospira.sp022867805	Group	PD	-0.182327663	0.182327663	0.219425924	65	12	0.409151099	0.806923273
d__Bacteria.p__Bacillota_A.c__Clostridia.o__Peptostreptococcales.f__Anaerovoracaceae.g__Lentihominibacter.s__Lentihominibacter.faecis	Group	PD	0.181751581	0.181751581	0.245851551	65	32	0.462486516	0.823730143
d__Bacteria.p__Bacteroidota.c__Bacteroidia.o__Bacteroidales.f__Tannerellaceae.g__Parabacteroides.s__Parabacteroides.segnis	Group	PD	0.177079981	0.177079981	0.221420742	65	13	0.426864192	0.810123977
d__Bacteria.p__Bacillota.c__Bacilli.o__Lactobacillales.f__Streptococcaceae.g__Streptococcus.s__Streptococcus.parasanguinis_G	Group	PD	0.175997405	0.175997405	0.360027126	65	25	0.626649041	0.909535676
d__Bacteria.p__Bacillota_A.c__Clostridia.o__Christensenellales.f__CAG.138.g__Phil1.s__Phil1.sp001940855	Group	PD	0.168382602	0.168382602	0.289723429	65	10	0.563190079	0.900369891
d__Bacteria.p__Bacillota_A.c__Clostridia.o__Christensenellales.f__QAND01.g__QAND01.s__QAND01.sp003150225	Group	PD	0.166517966	0.166517966	0.225154764	65	13	0.462307224	0.823730143
d__Bacteria.p__Bacillota_A.c__Clostridia.o__Lachnospirales.f__Lachnospiraceae.g__Eubacterium_F.s__Eubacterium_F.sp900539115	Group	PD	-0.166439793	0.166439793	0.172976355	65	11	0.339622254	0.75230675
d__Bacteria.p__Bacillota_A.c__Clostridia.o__Lachnospirales.f__Lachnospiraceae.g__Lachnospira.s__Lachnospira.eligens	Group	PD	-0.165787994	0.165787994	0.365687125	65	41	0.651847108	0.909535676
d__Bacteria.p__Bacillota.c__Bacilli.o__Lactobacillales.f__Streptococcaceae.g__Streptococcus.s__Streptococcus.sp004166885	Group	PD	-0.163566383	0.163566383	0.112905287	65	7	0.152379386	0.516016318
d__Bacteria.p__Bacillota_A.c__Clostridia.o__Lachnospirales.f__Lachnospiraceae.g__Blautia_A.s__Blautia_A.caecimuris	Group	PD	0.162920262	0.162920262	0.368147011	65	16	0.65961323	0.909877399
d__Bacteria.p__Bacillota_A.c__Clostridia.o__Oscillospirales.f__Butyricicoccaceae.g__Agathobaculum.s__Agathobaculum.hominis	Group	PD	-0.162458511	0.162458511	0.268650888	65	19	0.547537099	0.886608238
d__Bacteria.p__Bacillota_A.c__Clostridia.o__Lachnospirales.f__Lachnospiraceae.g__Eisenbergiella.s__Eisenbergiella.tayi	Group	PD	0.162052241	0.162052241	0.239041775	65	19	0.500302007	0.857313633
d__Bacteria.p__Bacillota_A.c__Clostridia.o__Lachnospirales.f__Lachnospiraceae.g__Hominiventricola.s__Hominiventricola.filiformis	Group	PD	-0.160968197	0.160968197	0.203499248	65	19	0.431910983	0.810981792
d__Bacteria.p__Bacillota_A.c__Clostridia.o__Oscillospirales.f__Acutalibacteraceae.g__Anaeromassilibacillus.s__Anaeromassilibacillus.stercoravium	Group	PD	0.156214014	0.156214014	0.185648198	65	14	0.403277572	0.806923273
d__Bacteria.p__Bacillota_A.c__Clostridia.o__Oscillospirales.f__Acutalibacteraceae.g__UMGS856.s__UMGS856.sp900546265	Group	PD	0.155341752	0.155341752	0.183404142	65	9	0.400205965	0.806923273
d__Bacteria.p__Bacillota_G.c__DTU025.o__DTUO25.f__HGM14224.g__HGM14224.s__HGM14224.sp900761905	Group	PD	0.154217238	0.154217238	0.144884653	65	8	0.29120396	0.69653967
d__Bacteria.p__Bacillota_A.c__Clostridia.o__Oscillospirales.f__Oscillospiraceae.g__CAG.103.s__CAG.103.sp000432375	Group	PD	0.149886076	0.149886076	0.457950121	65	16	0.744527726	0.945389523
d__Bacteria.p__Actinomycetota.c__Coriobacteriia.o__Coriobacteriales.f__Eggerthellaceae.g__Gordonibacter.s__Gordonibacter.pamelaeae	Group	PD	0.147393411	0.147393411	0.216531483	65	18	0.498554312	0.857313633
d__Bacteria.p__Bacillota_A.c__Clostridia.o__Peptostreptococcales.f__Peptostreptococcaceae.g__Romboutsia.s__Romboutsia.timonensis	Group	PD	0.143782706	0.143782706	0.310521482	65	39	0.644933935	0.909535676
d__Bacteria.p__Bacillota_A.c__Clostridia.o__Lachnospirales.f__Lachnospiraceae.g__Otoolea.s__Otoolea.symbiosa	Group	PD	0.143633585	0.143633585	0.14676423	65	9	0.331486902	0.740600484
d__Bacteria.p__Cyanobacteriota.c__Vampirovibrionia.o__Gastranaerophilales.f__Gastranaerophilaceae.g__CAG.196.s__CAG.196.sp002102975	Group	PD	0.143185905	0.143185905	0.207540709	65	11	0.492779951	0.852702563
d__Bacteria.p__Bacillota_A.c__Clostridia.o__Peptostreptococcales.f__Anaerovoracaceae.g__Fimisoma.s__Fimisoma.sp000435715	Group	PD	0.137330039	0.137330039	0.302124455	65	15	0.650996879	0.909535676
d__Bacteria.p__Bacillota_A.c__Clostridia.o__TANB77.f__CAG.508.g__CAG.245.s__CAG.245.sp000435175	Group	PD	0.137277966	0.137277966	0.205111656	65	15	0.505759705	0.86247911
d__Bacteria.p__Bacillota_A.c__Clostridia.o__Lachnospirales.f__Lachnospiraceae.g__Anaerobutyricum.s__Anaerobutyricum.hallii	Group	PD	-0.13611102	0.13611102	0.399812946	65	51	0.734660236	0.943036594
d__Bacteria.p__Bacillota_A.c__Clostridia.o__Oscillospirales.f__Ruminococcaceae.g__Porcipelethomonas.s__Porcipelethomonas.ammoniilytica	Group	PD	-0.133877571	0.133877571	0.280920908	65	10	0.635319462	0.909535676
d__Bacteria.p__Bacillota_A.c__Clostridia.o__Lachnospirales.f__Lachnospiraceae.g__Brotaphodocola.s__	Group	PD	-0.130820278	0.130820278	0.204482085	65	10	0.524645807	0.881904619
d__Bacteria.p__Bacillota_A.c__Clostridia.o__Peptostreptococcales.f__Peptostreptococcaceae.g__Terrisporobacter.s__Terrisporobacter.sp900557165	Group	PD	0.1303934	0.1303934	0.207726512	65	10	0.532458306	0.885125161
d__Bacteria.p__Bacillota_A.c__Clostridia.o__Lachnospirales.f__Lachnospiraceae.g__Scatomonas.s__Scatomonas.hejianensis	Group	PD	0.130025078	0.130025078	0.200833532	65	15	0.519707844	0.877784062
d__Bacteria.p__Bacteroidota.c__Bacteroidia.o__Bacteroidales.f__Marinifilaceae.g__Odoribacter.s__Odoribacter.laneus	Group	PD	0.128969661	0.128969661	0.271553381	65	11	0.636477093	0.909535676
d__Bacteria.p__Bacillota_A.c__Clostridia.o__Lachnospirales.f__Lachnospiraceae.g__Enterocloster.s__Enterocloster.sp001517625	Group	PD	-0.128278569	0.128278569	0.233435823	65	11	0.584588735	0.90832349
d__Bacteria.p__Bacillota_A.c__Clostridia.o__Lachnospirales.f__Lachnospiraceae.g__Massilistercora.s__Massilistercora.sp902406105	Group	PD	0.126072298	0.126072298	0.1138286	65	8	0.272261579	0.66741901
d__Bacteria.p__Bacillota_I.c__Bacilli_A.o__Erysipelotrichales.f__Coprobacillaceae.g__Thomasclavelia.s__Thomasclavelia.spiroformis	Group	PD	0.125624987	0.125624987	0.165290743	65	7	0.450074942	0.823668018
d__Bacteria.p__Bacteroidota.c__Bacteroidia.o__Bacteroidales.f__Rikenellaceae.g__Tidjanibacter.s__Tidjanibacter.inops	Group	PD	0.125096061	0.125096061	0.328249433	65	9	0.704410777	0.931299642
d__Bacteria.p__Bacillota_A.c__Clostridia.o__Oscillospirales.f__Acutalibacteraceae.g__UMGS1071.s__UMGS1071.sp934476545	Group	PD	0.124874464	0.124874464	0.130918704	65	7	0.343814184	0.75230675
d__Bacteria.p__Bacteroidota.c__Bacteroidia.o__Bacteroidales.f__Rikenellaceae.g__Alistipes.s__Alistipes.senegalensis	Group	PD	-0.123692759	0.123692759	0.143673544	65	10	0.392541803	0.8009668
d__Bacteria.p__Bacteroidota.c__Bacteroidia.o__Bacteroidales.f__Marinifilaceae.g__Butyricimonas.s__Butyricimonas.sp019423345	Group	PD	-0.122937431	0.122937431	0.170135774	65	13	0.472609274	0.830005341
d__Bacteria.p__Verrucomicrobiota.c__Verrucomicrobiae.o__Verrucomicrobiales.f__Akkermansiaceae.g__Akkermansia.s__Akkermansia.muciniphila_F	Group	PD	0.121883484	0.121883484	0.462959792	65	11	0.793201533	0.947065471
d__Bacteria.p__Bacillota_A.c__Clostridia.o__Lachnospirales.f__Lachnospiraceae.g__Massilistercora.s__Massilistercora.timonensis	Group	PD	-0.120934193	0.120934193	0.214240391	65	9	0.57443256	0.905244169
d__Bacteria.p__Bacillota_A.c__Clostridia.o__Oscillospirales.f__Ruminococcaceae.g__Negativibacillus.s__Negativibacillus.sp000435195	Group	PD	-0.119966065	0.119966065	0.269402374	65	17	0.657626182	0.909877399
d__Bacteria.p__Bacillota_A.c__Clostridia.o__Oscillospirales.f__Oscillospiraceae.g__Lawsonibacter.s__Lawsonibacter.sp900066825	Group	PD	0.119362287	0.119362287	0.146666262	65	9	0.418804312	0.810123977
d__Bacteria.p__Bacillota_A.c__Clostridia.o__Oscillospirales.f__Ruminococcaceae.g__Ruminococcus_C.s__Ruminococcus_C.callidus	Group	PD	0.117600717	0.117600717	0.248811809	65	9	0.638096786	0.909535676
d__Bacteria.p__Bacillota_A.c__Clostridia.o__Lachnospirales.f__Lachnospiraceae.g__Coprococcus.s__Coprococcus.aceti	Group	PD	-0.116062946	0.116062946	0.508009011	65	17	0.820023708	0.947065471
d__Bacteria.p__Bacteroidota.c__Bacteroidia.o__Bacteroidales.f__Marinifilaceae.g__Odoribacter.s__Odoribacter.splanchnicus	Group	PD	-0.113311046	0.113311046	0.28661915	65	44	0.693929968	0.925841662
d__Bacteria.p__Bacillota_A.c__Clostridia.o__Christensenellales.f__Aristaeellaceae.g__Limiplasma.s__Limiplasma.sp900548145	Group	PD	0.111918972	0.111918972	0.18336882	65	8	0.543826205	0.885125161
d__Bacteria.p__Bacillota_A.c__Clostridia.o__Oscillospirales.f__Oscillospiraceae.g__Lawsonibacter_A.s__Lawsonibacter_A.hominis	Group	PD	0.111313459	0.111313459	0.196684782	65	16	0.573439202	0.905244169
d__Bacteria.p__Bacillota_A.c__Clostridia.o__Christensenellales.f__CAG.314.g__CAG.314.s__CAG.314.sp000437915	Group	PD	0.111200719	0.111200719	0.230191839	65	10	0.630714617	0.909535676
d__Bacteria.p__Bacillota_I.c__Bacilli_A.o__Erysipelotrichales.f__Erysipelotrichaceae.g__Merdibacter.s__Merdibacter.merdipullorum	Group	PD	0.110779903	0.110779903	0.217071206	65	11	0.611597493	0.909535676
d__Bacteria.p__Bacillota_A.c__Clostridia.o__Lachnospirales.f__Lachnospiraceae.g__V9D3004.s__V9D3004.sp900760345	Group	PD	-0.110452678	0.110452678	0.238100009	65	13	0.644324073	0.909535676
d__Bacteria.p__Bacillota_A.c__Clostridia.o__Christensenellales.f__Aristaeellaceae.g__Limiplasma.s__Limiplasma.merdipullorum	Group	PD	0.110427359	0.110427359	0.376336214	65	19	0.770159922	0.947065471
d__Bacteria.p__Bacillota_A.c__Clostridia.o__Oscillospirales.f__Oscillospiraceae.g__F23.B02.s__F23.B02.sp001916715	Group	PD	0.108303757	0.108303757	0.374390466	65	13	0.773316793	0.947065471
d__Bacteria.p__Bacillota_A.c__Clostridia.o__Oscillospirales.f__Oscillospiraceae.g__Vescimonas.s__Vescimonas.sp900545585	Group	PD	0.108247605	0.108247605	0.22859269	65	7	0.637465385	0.909535676
d__Bacteria.p__Bacillota_A.c__Clostridia.o__Lachnospirales.f__Lachnospiraceae.g__Blautia_A.s__Blautia_A.fusiformis	Group	PD	-0.107346031	0.107346031	0.516509474	65	53	0.836032297	0.947065471
d__Bacteria.p__Bacillota_A.c__Clostridia.o__Christensenellales.f__Aristaeellaceae.g__Pullichristensenella.s__Pullichristensenella.sp946496415	Group	PD	0.107236528	0.107236528	0.175549156	65	11	0.543487827	0.885125161
d__Bacteria.p__Bacteroidota.c__Bacteroidia.o__Bacteroidales.f__Tannerellaceae.g__Parabacteroides.s__Parabacteroides.distasonis	Group	PD	0.106238855	0.106238855	0.409059378	65	50	0.795930489	0.947065471
d__Bacteria.p__Bacillota_A.c__Clostridia.o__Oscillospirales.f__Acutalibacteraceae.g__Acutalibacter.s__Acutalibacter.timonensis	Group	PD	0.105560037	0.105560037	0.350231194	65	29	0.764101333	0.947065471
d__Bacteria.p__Bacteroidota.c__Bacteroidia.o__Bacteroidales.f__Tannerellaceae.g__Parabacteroides.s__Parabacteroides.johnsonii	Group	PD	-0.105552208	0.105552208	0.191458765	65	7	0.583374583	0.90832349
d__Bacteria.p__Bacillota_A.c__Clostridia.o__Peptostreptococcales.f__Anaerovoracaceae.g__Lentihominibacter.s__Lentihominibacter.excrementipullorum	Group	PD	0.104959652	0.104959652	0.195010009	65	15	0.592316896	0.90832349
d__Bacteria.p__Bacillota_A.c__Clostridia.o__Lachnospirales.f__Lachnospiraceae.g__Alitiscatomonas.s__Alitiscatomonas.aceti	Group	PD	-0.103950922	0.103950922	0.289947685	65	36	0.721155715	0.935911645
d__Bacteria.p__Bacillota_A.c__Clostridia.o__Lachnospirales.f__Lachnospiraceae.g__Blautia_A.s__Blautia_A.luti	Group	PD	0.100472297	0.100472297	0.213366531	65	17	0.639345273	0.909535676
d__Bacteria.p__Bacillota_A.c__Clostridia.o__Lachnospirales.f__Lachnospiraceae.g__Lachnoclostridium_B.s__Lachnoclostridium_B.ammoniilytica	Group	PD	0.099534393	0.099534393	0.241747228	65	44	0.681935384	0.915297303
d__Bacteria.p__Bacillota_A.c__Clostridia.o__Lachnospirales.f__Lachnospiraceae.g__Butyribacter.s__Butyribacter.sp000436755	Group	PD	0.099453153	0.099453153	0.140489652	65	8	0.48161588	0.841635671
d__Bacteria.p__Bacillota_A.c__Clostridia.o__Lachnospirales.f__Lachnospiraceae.g__Dorea_A.s__Dorea_A.longicatena	Group	PD	-0.09823239	0.09823239	0.435987303	65	36	0.822467233	0.947065471
d__Bacteria.p__Bacillota_A.c__Clostridia.o__Clostridiales.f__Clostridiaceae.g__Clostridium.s__Clostridium.saudiense	Group	PD	-0.097159236	0.097159236	0.181028753	65	10	0.593360988	0.90832349
d__Bacteria.p__Actinomycetota.c__Coriobacteriia.o__Coriobacteriales.f__Eggerthellaceae.g__CAJFUR01.s__CAJFUR01.sp904420575	Group	PD	0.096133399	0.096133399	0.218101383	65	15	0.660885534	0.909877399
d__Bacteria.p__Bacillota_A.c__Clostridia.o__Oscillospirales.f__Ruminococcaceae.g__Avimicrobium.s__Avimicrobium.caecorum	Group	PD	-0.092936132	0.092936132	0.184657698	65	14	0.616516503	0.909535676
d__Bacteria.p__Bacillota_A.c__Clostridia.o__Lachnospirales.f__Lachnospiraceae.g__Schaedlerella.s__Schaedlerella.glycyrrhizinilytica_A	Group	PD	0.092736962	0.092736962	0.222392128	65	17	0.678097755	0.915297303
d__Bacteria.p__Bacillota_A.c__Clostridia.o__Oscillospirales.f__Oscillospiraceae.g__CAG.170.s__CAG.170.sp002404795	Group	PD	-0.092510095	0.092510095	0.25714504	65	15	0.720230977	0.935911645
d__Bacteria.p__Bacillota_A.c__Clostridia.o__Lachnospirales.f__Lachnospiraceae.g__Wujia.s__Wujia.chipingensis	Group	PD	-0.09160906	0.09160906	0.26782005	65	11	0.733448327	0.943036594
d__Bacteria.p__Actinomycetota.c__Coriobacteriia.o__Coriobacteriales.f__Eggerthellaceae.g__Adlercreutzia.s__Adlercreutzia.equolifaciens	Group	PD	0.091048276	0.091048276	0.314021451	65	47	0.772812131	0.947065471
d__Bacteria.p__Bacillota_A.c__Clostridia.o__Christensenellales.f__UBA1750.g__Spyradocola.s__Spyradocola.merdavium	Group	PD	-0.090925159	0.090925159	0.172296927	65	17	0.599544967	0.90832349
d__Bacteria.p__Bacillota_A.c__Clostridia.o__Oscillospirales.f__Acutalibacteraceae.g__Eubacterium_R.s__Eubacterium_R.sp000434995	Group	PD	0.087343913	0.087343913	0.259978794	65	10	0.738013241	0.943908239
d__Bacteria.p__Bacteroidota.c__Bacteroidia.o__Bacteroidales.f__Bacteroidaceae.g__Bacteroides.s__Bacteroides.ovatus	Group	PD	0.086921628	0.086921628	0.391750869	65	43	0.825125085	0.947065471
d__Bacteria.p__Bacillota_A.c__Clostridia.o__Oscillospirales.f__Ruminococcaceae.g__Anaerotruncus.s__Anaerotruncus.colihominis	Group	PD	0.085974554	0.085974554	0.156208979	65	10	0.58400394	0.90832349
d__Bacteria.p__Bacillota_A.c__Clostridia.o__Oscillospirales.f__Acutalibacteraceae.g__CAKTXU01.s__CAKTXU01.sp934615635	Group	PD	-0.085599214	0.085599214	0.116601103	65	8	0.465599066	0.823730143
d__Bacteria.p__Bacillota_A.c__Clostridia.o__Oscillospirales.f__Acutalibacteraceae.g__Pseudoruminococcus.s__Pseudoruminococcus.massiliensis	Group	PD	-0.084923645	0.084923645	0.310795236	65	10	0.785557666	0.947065471
d__Bacteria.p__Bacteroidota.c__Bacteroidia.o__Bacteroidales.f__Bacteroidaceae.g__Bacteroides.s__Bacteroides.sp900557355	Group	PD	0.083383184	0.083383184	0.324205019	65	11	0.797868136	0.947065471
d__Bacteria.p__Bacillota_A.c__Clostridia.o__Christensenellales.f__Aristaeellaceae.g__Egerieenecus.s__Egerieenecus.merdigallinarum	Group	PD	-0.081918297	0.081918297	0.223488295	65	15	0.715187358	0.93504125
d__Bacteria.p__Bacillota_A.c__Clostridia.o__Lachnospirales.f__Lachnospiraceae.g__UBA4285.s__UBA4285.sp900545225	Group	PD	0.079724915	0.079724915	0.161414954	65	7	0.623085439	0.909535676
d__Bacteria.p__Bacillota_A.c__Clostridia.o__Oscillospirales.f__Acutalibacteraceae.g__UMGS1071.s__UMGS1071.sp900542375	Group	PD	0.079499824	0.079499824	0.291905576	65	32	0.786245294	0.947065471
d__Bacteria.p__Bacillota_A.c__Clostridia.o__Christensenellales.f__Aristaeellaceae.g__Pullichristensenella.s__Pullichristensenella.stercoripullorum	Group	PD	0.078938987	0.078938987	0.223853369	65	17	0.725537635	0.938149396
d__Bacteria.p__Actinomycetota.c__Coriobacteriia.o__Coriobacteriales.f__Eggerthellaceae.g__Gordonibacter.s__Gordonibacter.urolithinfaciens	Group	PD	-0.078549709	0.078549709	0.212636951	65	13	0.713062692	0.93504125
d__Bacteria.p__Bacillota_A.c__Clostridia.o__Clostridiales.f__Clostridiaceae.g__Clostridium.s__Clostridium.sp000435835	Group	PD	-0.078155313	0.078155313	0.161080091	65	9	0.62922076	0.909535676
d__Bacteria.p__Bacillota_A.c__Clostridia.o__Lachnospirales.f__Lachnospiraceae.g__Scatomonas.s__Scatomonas.merdavium	Group	PD	0.077994176	0.077994176	0.150836857	65	7	0.606913517	0.909535676
d__Bacteria.p__Bacteroidota.c__Bacteroidia.o__Bacteroidales.f__Rikenellaceae.g__Alistipes.s__Alistipes.dispar	Group	PD	0.076878393	0.076878393	0.265471385	65	8	0.773079321	0.947065471
d__Bacteria.p__Bacillota_A.c__Clostridia.o__Lachnospirales.f__Lachnospiraceae.g__Blautia_A.s__Blautia_A.sp900066205	Group	PD	-0.076805857	0.076805857	0.301780931	65	21	0.799931542	0.947065471
d__Bacteria.p__Bacillota_A.c__Clostridia.o__Oscillospirales.f__Acutalibacteraceae.g__Fimenecus.s__Fimenecus.sp000432435	Group	PD	0.075535029	0.075535029	0.385972514	65	14	0.845474408	0.947065471
d__Bacteria.p__Bacillota_A.c__Clostridia.o__Christensenellales.f__Aristaeellaceae.g__Fimadaptatus.s__Fimadaptatus.sp900553645	Group	PD	0.074550428	0.074550428	0.127064272	65	7	0.559492198	0.900369891
d__Bacteria.p__Bacillota_A.c__Clostridia.o__Lachnospirales.f__Lachnospiraceae.g__UBA11774.s__UBA11774.sp003507655	Group	PD	0.074366236	0.074366236	0.358391006	65	47	0.836288453	0.947065471
d__Bacteria.p__Bacillota_A.c__Clostridia.o__Peptostreptococcales.f__Anaerovoracaceae.g__CAG.238.s__CAG.238.sp900542245	Group	PD	-0.07371931	0.07371931	0.16806813	65	11	0.662431987	0.909877399
d__Bacteria.p__Bacillota_A.c__Clostridia.o__Oscillospirales.f__Oscillospiraceae.g__Vescimonas.s__Vescimonas.coprocola	Group	PD	0.073563059	0.073563059	0.252327268	65	19	0.771597456	0.947065471
d__Bacteria.p__Bacillota_A.c__Clostridia.o__Peptostreptococcales.f__Anaerovoracaceae.g__Hominibacterium.s__Hominibacterium.hominis	Group	PD	0.073130719	0.073130719	0.220922484	65	17	0.74172462	0.945230292
d__Bacteria.p__Bacillota_A.c__Clostridia.o__Oscillospirales.f__Oscillospiraceae.g__HGM13006.s__HGM13006.sp900757695	Group	PD	-0.070760438	0.070760438	0.145185711	65	9	0.627681576	0.909535676
d__Bacteria.p__Bacteroidota.c__Bacteroidia.o__Bacteroidales.f__Rikenellaceae.g__Alistipes.s__Alistipes.sp902363575	Group	PD	0.070406362	0.070406362	0.286101098	65	7	0.806413275	0.947065471
d__Bacteria.p__Bacillota_A.c__Clostridia.o__Christensenellales.f__Aristaeellaceae.g__Faecivicinus.s__Faecivicinus.sp900553265	Group	PD	0.070113843	0.070113843	0.142529975	65	7	0.624483182	0.909535676
d__Bacteria.p__Bacillota_A.c__Clostridia.o__Oscillospirales.f__Oscillospiraceae.g__Dysosmobacter.s__Dysosmobacter.segnis	Group	PD	0.069337194	0.069337194	0.327021316	65	27	0.832770814	0.947065471
d__Bacteria.p__Bacillota_A.c__Clostridia.o__Lachnospirales.f__Lachnospiraceae.g__Blautia_A.s__Blautia_A.schinkii_B	Group	PD	-0.069164499	0.069164499	0.178341126	65	7	0.699455523	0.928224811
d__Bacteria.p__Bacillota_A.c__Clostridia.o__Oscillospirales.f__CAG.272.g__UMGS911.s__UMGS911.sp003343545	Group	PD	-0.069084647	0.069084647	0.138201605	65	8	0.618898937	0.909535676
d__Bacteria.p__Bacillota_A.c__Clostridia.o__Oscillospirales.f__Oscillospiraceae.g__Faecousia.s__Faecousia.sp000435995	Group	PD	0.068806717	0.068806717	0.343035708	65	26	0.841671729	0.947065471
d__Bacteria.p__Bacillota_A.c__Clostridia.o__Peptostreptococcales.f__Peptostreptococcaceae.g__Intestinibacter.s__Intestinibacter.bartlettii	Group	PD	-0.068300381	0.068300381	0.299466102	65	25	0.820327479	0.947065471
d__Bacteria.p__Bacillota_A.c__Clostridia.o__Oscillospirales.f__CAG.382.g__Woodwardibium.s__Woodwardibium.sp900760275	Group	PD	-0.067874984	0.067874984	0.161334603	65	11	0.675398985	0.915297303
d__Bacteria.p__Bacillota_A.c__Clostridia.o__Lachnospirales.f__Lachnospiraceae.g__Blautia_A.s__Blautia_A.sp900066335	Group	PD	-0.066529034	0.066529034	0.327912542	65	13	0.839877567	0.947065471
d__Bacteria.p__Bacillota_A.c__Clostridia.o__Christensenellales.f__Aristaeellaceae.g__Ventricola.s__Ventricola.sp900548125	Group	PD	-0.066521484	0.066521484	0.155026622	65	11	0.669316344	0.915297303
d__Bacteria.p__Desulfobacterota.c__Desulfovibrionia.o__Desulfovibrionales.f__Desulfovibrionaceae.g__Bilophila.s__Bilophila.wadsworthia	Group	PD	-0.065931084	0.065931084	0.267905897	65	40	0.806406479	0.947065471
d__Bacteria.p__Bacillota_A.c__Clostridia.o__Lachnospirales.f__Lachnospiraceae.g__Choladousia.s__Choladousia.sp902363665	Group	PD	0.063588625	0.063588625	0.323208798	65	28	0.844663048	0.947065471
d__Bacteria.p__Bacillota_A.c__Clostridia.o__Christensenellales.f__QAND01.g__UMGS1975.s__UMGS1975.sp959600905	Group	PD	-0.062332096	0.062332096	0.201507789	65	16	0.758092434	0.947065471
d__Bacteria.p__Bacillota_A.c__Clostridia.o__Christensenellales.f__Aristaeellaceae.g__Faecivicinus.s__Faecivicinus.avistercoris	Group	PD	0.061016959	0.061016959	0.2180994	65	13	0.780572975	0.947065471
d__Bacteria.p__Bacillota_A.c__Clostridia.o__Oscillospirales.f__Oscillospiraceae.g__Evtepia.s__Evtepia.sp004556345	Group	PD	-0.059828651	0.059828651	0.112695363	65	8	0.597362831	0.90832349
d__Bacteria.p__Bacillota_A.c__Clostridia.o__Oscillospirales.f__Acutalibacteraceae.g__Acutalibacter.s__Acutalibacter.ornithocaccae	Group	PD	0.058724428	0.058724428	0.271344417	65	18	0.829359437	0.947065471
d__Bacteria.p__Bacillota_A.c__Clostridia.o__Lachnospirales.f__Lachnospiraceae.g__Eubacterium_I.s__Eubacterium_I.ramulus_A	Group	PD	0.056444211	0.056444211	0.153114853	65	8	0.713632238	0.93504125
d__Bacteria.p__Bacillota_A.c__Clostridia.o__Oscillospirales.f__Oscillospiraceae.g__Intestinimonas.s__Intestinimonas.butyriciproducens	Group	PD	-0.056091575	0.056091575	0.142426132	65	9	0.695036942	0.925841662
d__Bacteria.p__Bacillota_A.c__Clostridia.o__Oscillospirales.f__Oscillospiraceae.g__HGM13006.s__HGM13006.sp900756575	Group	PD	0.055653576	0.055653576	0.134762953	65	8	0.681027968	0.915297303
d__Bacteria.p__Bacillota_A.c__Clostridia.o__Oscillospirales.f__Ruminococcaceae.g__Ruthenibacterium.s__Ruthenibacterium.merdipullorum	Group	PD	-0.049992403	0.049992403	0.259403993	65	10	0.847797985	0.947065471
d__Bacteria.p__Bacillota_A.c__Clostridia.o__Lachnospirales.f__Lachnospiraceae.g__Lachnoclostridium_B.s__Lachnoclostridium_B.acetigenes	Group	PD	0.049564088	0.049564088	0.178345599	65	10	0.781991201	0.947065471
d__Bacteria.p__Bacillota_A.c__Clostridia.o__Lachnospirales.f__Lachnospiraceae.g__JAGZHZ01.s__JAGZHZ01.sp018366495	Group	PD	0.049058229	0.049058229	0.206867626	65	10	0.813311502	0.947065471
d__Bacteria.p__Bacillota_A.c__Clostridia.o__TANB77.f__CAG.508.g__CAG.273.s__CAG.273.sp000438355	Group	PD	0.044073063	0.044073063	0.216606861	65	15	0.839423246	0.947065471
d__Bacteria.p__Bacillota_A.c__Clostridia.o__Oscillospirales.f__Oscillospiraceae.g__Scatomorpha.s__Scatomorpha.intestinigallinarum	Group	PD	0.043919133	0.043919133	0.256711544	65	9	0.864706345	0.962906435
d__Bacteria.p__Bacillota_A.c__Clostridia.o__Oscillospirales.f__Ruminococcaceae.g__Negativibacillus.s__Negativibacillus.faecipullorum	Group	PD	-0.043103484	0.043103484	0.135058185	65	8	0.750670473	0.947065471
d__Bacteria.p__Bacteroidota.c__Bacteroidia.o__Bacteroidales.f__Rikenellaceae.g__Alistipes_A.s__Alistipes_A.hominis	Group	PD	0.042086877	0.042086877	0.21206984	65	16	0.843326076	0.947065471
d__Bacteria.p__Bacillota_A.c__Clostridia.o__Oscillospirales.f__Oscillospiraceae.g__CAG.170.s__CAG.170.sp000432135	Group	PD	0.039060639	0.039060639	0.339021142	65	29	0.908640411	0.989670945
d__Bacteria.p__Bacillota_A.c__Clostridia.o__Lachnospirales.f__Lachnospiraceae.g__Mediterraneibacter_A.s__Mediterraneibacter_A.butyricigenes	Group	PD	-0.038806041	0.038806041	0.16312589	65	10	0.812738304	0.947065471
d__Bacteria.p__Bacillota_A.c__Clostridia.o__Oscillospirales.f__Oscillospiraceae.g__Evtepia.s__Evtepia.excrementipullorum	Group	PD	-0.038355514	0.038355514	0.325643345	65	12	0.90661368	0.989670945
d__Bacteria.p__Bacillota_A.c__Clostridia.o__Oscillospirales.f__CAG.382.g__Woodwardibium.s__Woodwardibium.gallinarum	Group	PD	-0.0366227	0.0366227	0.133437654	65	7	0.784632564	0.947065471
d__Bacteria.p__Bacillota_A.c__Clostridia.o__Christensenellales.f__Aristaeellaceae.g__UBA11524.s__UBA11524.sp000437595	Group	PD	-0.036049306	0.036049306	0.52408957	65	21	0.94537891	0.993223567
d__Bacteria.p__Bacteroidota.c__Bacteroidia.o__Bacteroidales.f__Bacteroidaceae.g__Phocaeicola.s__Phocaeicola.massiliensis	Group	PD	-0.034721162	0.034721162	0.274936096	65	14	0.899906044	0.98905103
d__Bacteria.p__Bacillota_A.c__Clostridia.o__Christensenellales.f__Aristaeellaceae.g__Pullichristensenella.s__Pullichristensenella.excrementigallinarum	Group	PD	-0.034140436	0.034140436	0.155190798	65	8	0.826590172	0.947065471
d__Bacteria.p__Bacillota_A.c__Clostridia.o__Oscillospirales.f__UBA644.g__UBA644.s__UBA644.sp900547165	Group	PD	0.032019905	0.032019905	0.144374293	65	8	0.825199401	0.947065471
d__Bacteria.p__Bacillota_A.c__Clostridia.o__Oscillospirales.f__Ruminococcaceae.g__Faecalibacterium.s__Faecalibacterium.duncaniae	Group	PD	0.026391436	0.026391436	0.475221886	65	44	0.955888014	0.993223567
d__Bacteria.p__Bacteroidota.c__Bacteroidia.o__Bacteroidales.f__Bacteroidaceae.g__Bacteroides.s__Bacteroides.uniformis	Group	PD	0.026222081	0.026222081	0.369592224	65	61	0.943663343	0.993223567
d__Bacteria.p__Bacillota_A.c__Clostridia.o__Oscillospirales.f__Oscillospiraceae.g__Vescimonas.s__Vescimonas.sp900552475	Group	PD	-0.024795139	0.024795139	0.177455542	65	11	0.889322288	0.981033649
d__Bacteria.p__Bacillota_A.c__Clostridia.o__Lachnospirales.f__Lachnospiraceae.g__Eubacterium_G.s__Eubacterium_G.segne	Group	PD	-0.024523075	0.024523075	0.154609137	65	9	0.874480855	0.970728748
d__Bacteria.p__Bacillota_A.c__Clostridia.o__Lachnospirales.f__Lachnospiraceae.g__Choladousia.s__Choladousia.sp902363135	Group	PD	-0.022571366	0.022571366	0.283128528	65	42	0.936711641	0.993223567
d__Bacteria.p__Bacillota_A.c__Clostridia.o__Peptostreptococcales.f__Anaerovoracaceae.g__Fimisoma.s__Fimisoma.avicola	Group	PD	0.021988491	0.021988491	0.178208254	65	11	0.902193857	0.98905103
d__Bacteria.p__Bacillota_A.c__Clostridia.o__Oscillospirales.f__Oscillospiraceae.g__CAG.170.s__CAG.170.sp003516765	Group	PD	-0.021853723	0.021853723	0.20409791	65	15	0.915069969	0.989670945
d__Bacteria.p__Bacillota_A.c__Clostridia.o__Lachnospirales.f__Lachnospiraceae.g__Dorea_D.s__Dorea_D.hominis	Group	PD	0.020843403	0.020843403	0.213075715	65	17	0.922384535	0.989670945
d__Bacteria.p__Bacillota_A.c__Clostridia.o__Oscillospirales.f__Ruminococcaceae.g__Gemmiger.s__Gemmiger.sp900540775	Group	PD	-0.018975016	0.018975016	0.343991422	65	16	0.956184519	0.993223567
d__Bacteria.p__Bacillota_A.c__Clostridia.o__Christensenellales.f__Aristaeellaceae.g__Pullichristensenella.s__Pullichristensenella.stercorigallinarum	Group	PD	0.018968822	0.018968822	0.123513131	65	8	0.878433858	0.972060037
d__Bacteria.p__Bacillota_A.c__Clostridia.o__Oscillospirales.f__Oscillospiraceae.g__Onthomonas.s__Onthomonas.sp900545815	Group	PD	-0.017983201	0.017983201	0.178359692	65	10	0.920009193	0.989670945
d__Bacteria.p__Bacteroidota.c__Bacteroidia.o__Bacteroidales.f__Bacteroidaceae.g__Bacteroides.s__Bacteroides.eggerthii	Group	PD	0.016457067	0.016457067	0.31751262	65	13	0.958827173	0.993223567
d__Bacteria.p__Bacillota_A.c__Clostridia.o__Oscillospirales.f__Oscillospiraceae.g__Dysosmobacter.s__Dysosmobacter.welbionis	Group	PD	0.016368291	0.016368291	0.296019445	65	47	0.956078713	0.993223567
d__Bacteria.p__Bacillota_A.c__Clostridia.o__Lachnospirales.f__Lachnospiraceae.g__Eubacterium_G.s__Eubacterium_G.sp000435815	Group	PD	0.016081284	0.016081284	0.156316284	65	9	0.918387702	0.989670945
d__Bacteria.p__Bacillota_A.c__Clostridia.o__Lachnospirales.f__Lachnospiraceae.g__Blautia_A.s__Blautia_A.intestinalis	Group	PD	-0.013703153	0.013703153	0.371775729	65	34	0.970714251	0.993223567
d__Bacteria.p__Bacillota_A.c__Clostridia.o__Oscillospirales.f__Oscillospiraceae.g__Scatomorpha.s__Scatomorpha.sp900545405	Group	PD	0.011739274	0.011739274	0.28466105	65	10	0.967235398	0.993223567
d__Bacteria.p__Bacillota_A.c__Clostridia.o__Lachnospirales.f__Lachnospiraceae.g__Schaedlerella.s__Schaedlerella.hominis	Group	PD	-0.011703412	0.011703412	0.106402979	65	7	0.912765826	0.989670945
d__Bacteria.p__Bacillota_C.c__Negativicutes.o__Acidaminococcales.f__Acidaminococcaceae.g__Phascolarctobacterium.s__Phascolarctobacterium.faecium	Group	PD	-0.011385098	0.011385098	0.290729675	65	30	0.968886319	0.993223567
d__Bacteria.p__Bacillota_A.c__Clostridia.o__Oscillospirales.f__Oscillospiraceae.g__Vescimonas.s__Vescimonas.sp000435975	Group	PD	-0.010248923	0.010248923	0.267222874	65	10	0.969527142	0.993223567
d__Bacteria.p__Bacillota_A.c__Clostridia.o__Oscillospirales.f__Acutalibacteraceae.g__UMGS1264.s__UMGS1264.sp904399395	Group	PD	-0.010079141	0.010079141	0.146756195	65	11	0.945462262	0.993223567
d__Bacteria.p__Bacteroidota.c__Bacteroidia.o__Bacteroidales.f__Marinifilaceae.g__Butyricimonas.s__Butyricimonas.paravirosa	Group	PD	-0.009811117	0.009811117	0.218897978	65	16	0.964392148	0.993223567
d__Bacteria.p__Actinomycetota.c__Actinomycetes.o__Actinomycetales.f__Bifidobacteriaceae.g__Bifidobacterium.s__Bifidobacterium.dentium	Group	PD	-0.009051191	0.009051191	0.160998393	65	7	0.955345155	0.993223567
d__Bacteria.p__Desulfobacterota.c__Desulfovibrionia.o__Desulfovibrionales.f__Desulfovibrionaceae.g__Desulfovibrio.s__Desulfovibrio.sp018379785	Group	PD	-0.007984454	0.007984454	0.145610601	65	8	0.956444007	0.993223567
d__Bacteria.p__Bacillota_A.c__Clostridia.o__Oscillospirales.f__Oscillospiraceae.g__Faecousia.s__Faecousia.sp958436045	Group	PD	-0.006523404	0.006523404	0.17314077	65	11	0.970064444	0.993223567
d__Bacteria.p__Bacillota_A.c__Clostridia.o__Lachnospirales.f__Lachnospiraceae.g__Dorea.s__Dorea.formicigenerans	Group	PD	0.005565191	0.005565191	0.285115829	65	49	0.984488727	0.999896031
d__Bacteria.p__Bacillota_A.c__Clostridia.o__Oscillospirales.f__Acutalibacteraceae.g__Ruminococcus_E.s__Ruminococcus_E.bromii	Group	PD	0.004868842	0.004868842	0.724535164	65	39	0.994659528	0.999896031
d__Bacteria.p__Verrucomicrobiota.c__Verrucomicrobiae.o__Verrucomicrobiales.f__Akkermansiaceae.g__Akkermansia.s__Akkermansia.biwaensis	Group	PD	-0.004157787	0.004157787	0.27226101	65	8	0.987863978	0.999896031
d__Bacteria.p__Bacillota_A.c__Clostridia.o__Lachnospirales.f__Lachnospiraceae.g__CAG.194.s__CAG.194.sp000432915	Group	PD	-0.00209995	0.00209995	0.296377992	65	15	0.994369123	0.999896031
d__Bacteria.p__Bacillota_A.c__Clostridia.o__Oscillospirales.f__Ruminococcaceae.g__Anaerotruncus.s__Anaerotruncus.massiliensis	Group	PD	0.001128998	0.001128998	0.13129463	65	8	0.993166273	0.999896031
d__Bacteria.p__Bacillota_A.c__Clostridia.o__Oscillospirales.f__Acutalibacteraceae.g__Hominenteromicrobium.s__Hominenteromicrobium.mulieris	Group	PD	0.000808197	0.000808197	0.524607882	65	45	0.998775668	0.999896031
d__Bacteria.p__Bacillota_A.c__Clostridia.o__Lachnospirales.f__Lachnospiraceae.g__Oliverpabstia.s__Oliverpabstia.faecicola	Group	PD	0.000723005	0.000723005	0.187367315	65	7	0.996933356	0.999896031
d__Bacteria.p__Bacillota_A.c__Clostridia.o__Lachnospirales.f__Lachnospiraceae.g__Anaerostipes.s__Anaerostipes.amylophilus	Group	PD	-4.38E-05	4.37916E-05	0.334738528	65	17	0.999896031	0.999896031