feature	metadata	value	name	coef	null_hypothesis	stderr	pval_individual	qval_individual	pval_joint	qval_joint	error	model	N	N_not_zero
d__Bacteria;p__Bacillota_A;c__Clostridia;o__Lachnospirales;f__Lachnospiraceae;g__Fusicatenibacter;s__Fusicatenibacter saccharivorans	Group	PD	GroupPD	-0.813992072	0.237902005	0.226471334	9.66E-06	0.003856178	9.66E-06	0.003856178	NA	abundance	146	132
d__Bacteria;p__Bacillota_A;c__Clostridia;o__Lachnospirales;f__Lachnospiraceae;g__Agathobacter;s__Agathobacter rectalis	Group	PD	GroupPD	-0.932422311	0.237902005	0.327509717	0.000550088	0.109742481	0.000550088	0.109742481	NA	abundance	146	110
d__Bacteria;p__Bacillota_A;c__Clostridia;o__Lachnospirales;f__Lachnospiraceae;g__Roseburia;s__Roseburia hominis	Group	PD	GroupPD	-0.326539628	0.237902005	0.171791976	0.001595075	0.162052136	0.001595075	0.162052136	NA	abundance	146	102
d__Bacteria;p__Actinomycetota;c__Coriobacteriia;o__Coriobacteriales;f__Coriobacteriaceae;g__Collinsella;s__Collinsella sp023656745	Group	PD	GroupPD	0.938253987	0.237902005	0.215264326	0.001624583	0.162052136	0.001624583	0.162052136	NA	abundance	146	111
d__Bacteria;p__Bacillota_A;c__Clostridia;o__Oscillospirales;f__Ruminococcaceae;g__Gemmiger;s__Gemmiger formicilis	Group	PD	GroupPD	-0.633228716	0.237902005	0.27932944	0.002538528	0.202574522	0.002538528	0.202574522	NA	abundance	146	97
d__Bacteria;p__Bacillota_A;c__Clostridia;o__Lachnospirales;f__Lachnospiraceae;g__Anaerostipes;s__	Group	PD	GroupPD	-0.464897426	0.237902005	0.232761458	0.00317178	0.210395988	0.00317178	0.210395988	NA	abundance	146	132
d__Bacteria;p__Bacillota_A;c__Clostridia;o__Lachnospirales;f__Lachnospiraceae;g__Lachnospira;s__Lachnospira hominis	Group	PD	GroupPD	-0.511856	0.237902005	0.238318119	0.003691158	0.210395988	0.003691158	0.210395988	NA	abundance	146	35
d__Bacteria;p__Bacillota_A;c__Clostridia;o__Lachnospirales;f__Lachnospiraceae;g__Eubacterium_F;s__Eubacterium_F sp003491505	Group	PD	GroupPD	-0.354065218	0.237902005	0.204932649	0.005334949	0.226640179	0.005334949	0.226640179	NA	abundance	146	83
d__Bacteria;p__Bacillota_A;c__Clostridia;o__Lachnospirales;f__Lachnospiraceae;g__CAG-194;s__CAG-194 sp000432915	Group	PD	GroupPD	-1.091188334	0.237902005	0.442677604	0.005486478	0.226640179	0.005486478	0.226640179	NA	abundance	146	32
d__Bacteria;p__Bacteroidota;c__Bacteroidia;o__Bacteroidales;f__Rikenellaceae;g__Alistipes_A;s__Alistipes_A ihumii	Group	PD	GroupPD	0.756245441	0.237902005	0.177185562	0.005680205	0.226640179	0.005680205	0.226640179	NA	abundance	146	51
d__Bacteria;p__Bacillota_A;c__Clostridia;o__Lachnospirales;f__Lachnospiraceae;g__Anthropogastromicrobium;s__Anthropogastromicrobium sp934292725	Group	PD	GroupPD	-0.477835306	0.237902005	0.258939017	0.007229272	0.258829403	0.007229272	0.258829403	NA	abundance	146	94
d__Bacteria;p__Bacillota_A;c__Clostridia;o__Lachnospirales;f__Lachnospiraceae;g__Blautia_A;s__Blautia_A wexlerae_B	Group	PD	GroupPD	-0.501450994	0.237902005	0.272311613	0.007784343	0.258829403	0.007784343	0.258829403	NA	abundance	146	138
d__Bacteria;p__Bacillota_A;c__Clostridia;o__Oscillospirales;f__Ruminococcaceae;g__Faecalibacterium;s__Faecalibacterium sp900539945	Group	PD	GroupPD	-0.388699685	0.237902005	0.236067344	0.010044999	0.295092931	0.010044999	0.295092931	NA	abundance	146	80
d__Bacteria;p__Bacillota_A;c__Clostridia;o__Oscillospirales;f__Ruminococcaceae;g__Faecalibacterium;s__Faecalibacterium sp934514285	Group	PD	GroupPD	-0.455439224	0.237902005	0.264446207	0.010691903	0.295092931	0.010691903	0.295092931	NA	abundance	146	96
d__Bacteria;p__Bacillota_A;c__Clostridia;o__Lachnospirales;f__Lachnospiraceae;g__Hominiventricola;s__Hominiventricola filiformis	Group	PD	GroupPD	-0.204654206	0.237902005	0.164338901	0.011113786	0.295092931	0.011113786	0.295092931	NA	abundance	146	41
d__Bacteria;p__Bacillota_C;c__Negativicutes;o__Acidaminococcales;f__Acidaminococcaceae;g__Phascolarctobacterium;s__Phascolarctobacterium faecium	Group	PD	GroupPD	-0.432010499	0.237902005	0.25770009	0.0118333	0.295092931	0.0118333	0.295092931	NA	abundance	146	66
d__Bacteria;p__Bacillota_A;c__Clostridia;o__Oscillospirales;f__Ruminococcaceae;g__Faecalibacterium;s__Faecalibacterium prausnitzii_I	Group	PD	GroupPD	-0.266235163	0.237902005	0.195969374	0.013319874	0.31262527	0.013319874	0.31262527	NA	abundance	146	63
d__Bacteria;p__Bacillota_A;c__Clostridia;o__TANB77;f__CAG-508;g__CAG-269;s__CAG-269 sp003525075	Group	PD	GroupPD	-0.475995709	0.237902005	0.274886351	0.015506734	0.318557116	0.015506734	0.318557116	NA	abundance	146	29
d__Bacteria;p__Bacteroidota;c__Bacteroidia;o__Bacteroidales;f__Bacteroidaceae;g__Phocaeicola;s__Phocaeicola vulgatus	Group	PD	GroupPD	-0.443442642	0.237902005	0.277224844	0.015965058	0.318557116	0.015965058	0.318557116	NA	abundance	146	114
d__Bacteria;p__Bacillota_A;c__Clostridia;o__Lachnospirales;f__Lachnospiraceae;g__Limivivens;s__Limivivens sp905214955	Group	PD	GroupPD	-0.038842478	0.237902005	0.108825808	0.016634631	0.318557116	0.016634631	0.318557116	NA	abundance	146	56
d__Bacteria;p__Bacillota_A;c__Clostridia;o__Oscillospirales;f__Ruminococcaceae;g__Gemmiger;s__Gemmiger qucibialis	Group	PD	GroupPD	0.824731219	0.237902005	0.240308276	0.016766164	0.318557116	0.016766164	0.318557116	NA	abundance	146	125
d__Bacteria;p__Bacillota_A;c__Clostridia;o__Oscillospirales;f__Oscillospiraceae;g__Vescimonas;s__Vescimonas sp900552475	Group	PD	GroupPD	-0.336481164	0.237902005	0.217939407	0.018606699	0.320921188	0.018606699	0.320921188	NA	abundance	146	18
d__Bacteria;p__Bacillota_A;c__Clostridia;o__Christensenellales;f__Aristaeellaceae;g__Pullichristensenella;s__Pullichristensenella excrementigallinarum	Group	PD	GroupPD	-0.293890351	0.237902005	0.201447921	0.018786505	0.320921188	0.018786505	0.320921188	NA	abundance	146	18
d__Bacteria;p__Bacillota_A;c__Clostridia;o__Lachnospirales;f__Lachnospiraceae;g__Anaerobutyricum;s__Anaerobutyricum soehngenii	Group	PD	GroupPD	0.887136319	0.237902005	0.271198491	0.01930353	0.320921188	0.01930353	0.320921188	NA	abundance	146	96
d__Bacteria;p__Bacillota_A;c__Clostridia;o__Lachnospirales;f__Lachnospiraceae;g__Eubacterium_F;s__Eubacterium_F sp900539115	Group	PD	GroupPD	-0.496231742	0.237902005	0.300622975	0.021312609	0.340149243	0.021312609	0.340149243	NA	abundance	146	31
d__Bacteria;p__Bacillota_A;c__Clostridia;o__Lachnospirales;f__Lachnospiraceae;g__Limivivens;s__Limivivens faecihominis	Group	PD	GroupPD	-0.01397717	0.237902005	0.106360862	0.024334227	0.362956563	0.024334227	0.362956563	NA	abundance	146	75
d__Bacteria;p__Bacillota_A;c__Clostridia;o__Lachnospirales;f__Lachnospiraceae;g__Hominiventricola;s__Hominiventricola sp003480725	Group	PD	GroupPD	-0.079246077	0.237902005	0.133251875	0.025259533	0.362956563	0.025259533	0.362956563	NA	abundance	146	40
d__Bacteria;p__Pseudomonadota;c__Gammaproteobacteria;o__Enterobacterales;f__Enterobacteriaceae;g__Escherichia;s__Escherichia coli_F	Group	PD	GroupPD	1.365861183	0.237902005	0.494230133	0.026323201	0.362956563	0.026323201	0.362956563	NA	abundance	146	61
d__Bacteria;p__Bacillota_A;c__Clostridia;o__Lachnospirales;f__Lachnospiraceae;g__Hominisplanchenecus;s__Hominisplanchenecus faecis	Group	PD	GroupPD	-0.448356378	0.237902005	0.300529866	0.026380302	0.362956563	0.026380302	0.362956563	NA	abundance	146	65
d__Bacteria;p__Bacillota_A;c__Clostridia;o__Oscillospirales;f__Oscillospiraceae;g__Vescimonas;s__Vescimonas sp000435975	Group	PD	GroupPD	1.220364954	0.237902005	0.423827758	0.029214717	0.38569249	0.029214717	0.38569249	NA	abundance	146	27
d__Bacteria;p__Bacillota_A;c__Clostridia;o__Lachnospirales;f__Lachnospiraceae;g__Eubacterium_F;s__Eubacterium_F sp000433735	Group	PD	GroupPD	-0.412795591	0.237902005	0.285972749	0.030861008	0.38569249	0.030861008	0.38569249	NA	abundance	146	32
d__Bacteria;p__Bacillota_A;c__Clostridia;o__Oscillospirales;f__Oscillospiraceae;g__Evtepia;s__Evtepia gabavorous	Group	PD	GroupPD	0.616149403	0.237902005	0.170774332	0.03140434	0.38569249	0.03140434	0.38569249	NA	abundance	146	82
d__Bacteria;p__Bacillota_A;c__Clostridia;o__Oscillospirales;f__CAG-382;g__Woodwardibium;s__Woodwardibium gallinarum	Group	PD	GroupPD	-0.267262521	0.237902005	0.212559109	0.03236668	0.38569249	0.03236668	0.38569249	NA	abundance	146	17
d__Bacteria;p__Bacillota_A;c__Clostridia;o__Lachnospirales;f__Lachnospiraceae;g__Agathobacter;s__Agathobacter faecis	Group	PD	GroupPD	-0.497612823	0.237902005	0.338495778	0.032866027	0.38569249	0.032866027	0.38569249	NA	abundance	146	92
d__Bacteria;p__Bacillota;c__Bacilli;o__Lactobacillales;f__Streptococcaceae;g__Streptococcus;s__Streptococcus thermophilus	Group	PD	GroupPD	0.887647861	0.237902005	0.301607081	0.035289694	0.402302509	0.035289694	0.402302509	NA	abundance	146	75
d__Bacteria;p__Bacillota_A;c__Clostridia;o__Oscillospirales;f__Ruminococcaceae;g__Ruminiclostridium_E;s__Ruminiclostridium_E siraeum	Group	PD	GroupPD	-0.505990771	0.237902005	0.353026628	0.039200575	0.411413556	0.039200575	0.411413556	NA	abundance	146	72
d__Bacteria;p__Bacteroidota;c__Bacteroidia;o__Bacteroidales;f__Bacteroidaceae;g__Bacteroides;s__Bacteroides clarus	Group	PD	GroupPD	1.084229675	0.237902005	0.384593997	0.039451837	0.411413556	0.039451837	0.411413556	NA	abundance	146	23
d__Bacteria;p__Bacillota_A;c__Clostridia;o__Lachnospirales;f__Lachnospiraceae;g__Jutongia;s__Jutongia sp003524945	Group	PD	GroupPD	-1.093745832	0.237902005	0.581532707	0.039655995	0.411413556	0.039655995	0.411413556	NA	abundance	146	15
d__Bacteria;p__Bacillota_A;c__Clostridia;o__Lachnospirales;f__Lachnospiraceae;g__Roseburia;s__Roseburia intestinalis	Group	PD	GroupPD	-0.391572311	0.237902005	0.301545073	0.041197332	0.411413556	0.041197332	0.411413556	NA	abundance	146	75
d__Bacteria;p__Bacillota_A;c__Clostridia;o__Lachnospirales;f__Lachnospiraceae;g__Acetatifactor;s__Acetatifactor acetigignens	Group	PD	GroupPD	-0.224274	0.237902005	0.222887327	0.042397807	0.411413556	0.042397807	0.411413556	NA	abundance	146	87
d__Bacteria;p__Bacillota_A;c__Clostridia;o__Oscillospirales;f__Ruminococcaceae;g__Faecalibacterium;s__Faecalibacterium prausnitzii_E	Group	PD	GroupPD	-1.437280459	0.237902005	0.783474283	0.043905749	0.411413556	0.043905749	0.411413556	NA	abundance	146	24
d__Bacteria;p__Bacillota_A;c__Clostridia;o__Christensenellales;f__UMGS416;g__Parachristensenella;s__Parachristensenella sp900542005	Group	PD	GroupPD	0.633822472	0.237902005	0.17832071	0.044764284	0.411413556	0.044764284	0.411413556	NA	abundance	146	17
d__Bacteria;p__Bacillota_A;c__Clostridia;o__Oscillospirales;f__Ruminococcaceae;g__Ruthenibacterium;s__Ruthenibacterium merdipullorum	Group	PD	GroupPD	-0.778012868	0.237902005	0.464743101	0.046642182	0.411413556	0.046642182	0.411413556	NA	abundance	146	16
d__Bacteria;p__Bacillota_A;c__Clostridia;o__Oscillospirales;f__Ruminococcaceae;g__Faecalibacterium;s__Faecalibacterium sp900758465	Group	PD	GroupPD	-0.28186099	0.237902005	0.250752843	0.046931923	0.411413556	0.046931923	0.411413556	NA	abundance	146	36
d__Bacteria;p__Bacillota_A;c__Clostridia;o__UBA1381;f__UBA1381;g__Hominilimicola;s__Hominilimicola fabiformis	Group	PD	GroupPD	-0.042802486	0.237902005	0.138110734	0.048611989	0.411413556	0.048611989	0.411413556	NA	abundance	146	116
d__Bacteria;p__Bacteroidota;c__Bacteroidia;o__Bacteroidales;f__Rikenellaceae;g__Alistipes;s__Alistipes onderdonkii	Group	PD	GroupPD	0.823381579	0.237902005	0.29347615	0.049519229	0.411413556	0.049519229	0.411413556	NA	abundance	146	106
d__Bacteria;p__Bacillota_I;c__Bacilli_A;o__Erysipelotrichales;f__Coprobacillaceae;g__Faecalibacillus;s__Faecalibacillus faecis	Group	PD	GroupPD	0.74909427	0.237902005	0.24803226	0.049700233	0.411413556	0.049700233	0.411413556	NA	abundance	146	30
d__Bacteria;p__Bacillota_A;c__Clostridia;o__Lachnospirales;f__Lachnospiraceae;g__Coprococcus;s__Coprococcus aceti	Group	PD	GroupPD	-0.82416161	0.237902005	0.52568797	0.050267976	0.411413556	0.050267976	0.411413556	NA	abundance	146	42
d__Bacteria;p__Bacillota_A;c__Clostridia;o__Oscillospirales;f__Ruminococcaceae;g__Hominimerdicola;s__Hominimerdicola aceti	Group	PD	GroupPD	-0.390029097	0.237902005	0.315763858	0.050524472	0.411413556	0.050524472	0.411413556	NA	abundance	146	83
d__Bacteria;p__Bacillota_A;c__Clostridia;o__Peptostreptococcales;f__Peptostreptococcaceae;g__Intestinibacter;s__Intestinibacter sp900540355	Group	PD	GroupPD	0.952989096	0.237902005	0.341089228	0.052757022	0.417189942	0.052757022	0.417189942	NA	abundance	146	18
d__Bacteria;p__Bacillota_A;c__Clostridia;o__Lachnospirales;f__Lachnospiraceae;g__Roseburia;s__Roseburia inulinivorans	Group	PD	GroupPD	-0.13419317	0.237902005	0.187862533	0.05332503	0.417189942	0.05332503	0.417189942	NA	abundance	146	78
d__Bacteria;p__Bacillota_A;c__Clostridia;o__Oscillospirales;f__Acutalibacteraceae;g__UMGS856;s__UMGS856 sp900546265	Group	PD	GroupPD	-0.517789993	0.237902005	0.357621535	0.056964882	0.43709592	0.056964882	0.43709592	NA	abundance	146	14
d__Bacteria;p__Actinomycetota;c__Actinomycetes;o__Actinomycetales;f__Bifidobacteriaceae;g__Bifidobacterium;s__Bifidobacterium infantis	Group	PD	GroupPD	1.101556228	0.237902005	0.455140675	0.061655025	0.46415764	0.061655025	0.46415764	NA	abundance	146	87
d__Bacteria;p__Bacillota_A;c__Clostridia;o__Lachnospirales;f__Lachnospiraceae;g__Dorea_D;s__Dorea_D sp900543415	Group	PD	GroupPD	1.162761434	0.237902005	0.479428797	0.065286648	0.478618681	0.065286648	0.478618681	NA	abundance	146	28
d__Bacteria;p__Bacillota_A;c__Clostridia;o__Oscillospirales;f__Acutalibacteraceae;g__Clostridium_A;s__Clostridium_A leptum	Group	PD	GroupPD	0.740555038	0.237902005	0.269017648	0.067405999	0.478618681	0.067405999	0.478618681	NA	abundance	146	66
d__Bacteria;p__Bacillota_A;c__Clostridia;o__Lachnospirales;f__Lachnospiraceae;g__Enterocloster;s__Enterocloster sp001517625	Group	PD	GroupPD	1.262550493	0.237902005	0.535813192	0.06935492	0.478618681	0.06935492	0.478618681	NA	abundance	146	24
d__Bacteria;p__Bacillota_A;c__Clostridia;o__Oscillospirales;f__CAG-382;g__Woodwardibium;s__Woodwardibium sp900760275	Group	PD	GroupPD	0.535135576	0.237902005	0.154355359	0.070109139	0.478618681	0.070109139	0.478618681	NA	abundance	146	25
d__Bacteria;p__Bacillota_A;c__Clostridia;o__Lachnospirales;f__Lachnospiraceae;g__Alitiscatomonas;s__Alitiscatomonas sp900066535	Group	PD	GroupPD	-0.098133384	0.237902005	0.178763484	0.070657831	0.478618681	0.070657831	0.478618681	NA	abundance	146	40
d__Bacteria;p__Bacillota_A;c__Clostridia;o__Oscillospirales;f__CAG-272;g__UMGS1696;s__UMGS1696 sp900753285	Group	PD	GroupPD	-0.100325352	0.237902005	0.170413236	0.070946995	0.478618681	0.070946995	0.478618681	NA	abundance	146	15
d__Bacteria;p__Bacillota_A;c__Clostridia;o__Lachnospirales;f__Lachnospiraceae;g__Wujia;s__Wujia chipingensis	Group	PD	GroupPD	-0.650513156	0.237902005	0.471488244	0.0721069	0.478618681	0.0721069	0.478618681	NA	abundance	146	26
d__Bacteria;p__Bacillota_A;c__Clostridia;o__Lachnospirales;f__Lachnospiraceae;g__Otoolea;s__Otoolea fessa	Group	PD	GroupPD	-0.027316668	0.237902005	0.143864991	0.073352142	0.478618681	0.073352142	0.478618681	NA	abundance	146	84
d__Bacteria;p__Bacillota_A;c__Clostridia;o__Oscillospirales;f__Butyricicoccaceae;g__Agathobaculum;s__Agathobaculum butyriciproducens	Group	PD	GroupPD	-0.014350407	0.237902005	0.137537005	0.074371825	0.478618681	0.074371825	0.478618681	NA	abundance	146	107
d__Bacteria;p__Bacillota_A;c__Clostridia;o__Lachnospirales;f__Lachnospiraceae;g__Gallintestinimicrobium;s__Gallintestinimicrobium propionicum	Group	PD	GroupPD	-0.077248591	0.237902005	0.177980858	0.083746272	0.530393058	0.083746272	0.530393058	NA	abundance	146	75
d__Bacteria;p__Bacillota_A;c__Clostridia;o__Oscillospirales;f__Oscillospiraceae;g__UBA738;s__UBA738 sp003522945	Group	PD	GroupPD	0.67983551	0.237902005	0.255812252	0.093483614	0.572873846	0.093483614	0.572873846	NA	abundance	146	41
d__Bacteria;p__Actinomycetota;c__Actinomycetes;o__Actinomycetales;f__Bifidobacteriaceae;g__Bifidobacterium;s__Bifidobacterium adolescentis	Group	PD	GroupPD	1.018210521	0.237902005	0.459526476	0.09464875	0.572873846	0.09464875	0.572873846	NA	abundance	146	67
d__Bacteria;p__Pseudomonadota;c__Gammaproteobacteria;o__Burkholderiales;f__Burkholderiaceae;g__Parasutterella;s__Parasutterella sp900552195	Group	PD	GroupPD	-0.146447107	0.237902005	0.224117869	0.094761087	0.572873846	0.094761087	0.572873846	NA	abundance	146	49
d__Bacteria;p__Bacillota_A;c__Clostridia;o__Oscillospirales;f__Acutalibacteraceae;g__CAG-177;s__CAG-177 sp003514385	Group	PD	GroupPD	1.641487833	0.237902005	0.823117767	0.099242062	0.579532645	0.099242062	0.579532645	NA	abundance	146	30
d__Bacteria;p__Desulfobacterota;c__Desulfovibrionia;o__Desulfovibrionales;f__Desulfovibrionaceae;g__Mailhella;s__Mailhella merdigallinarum	Group	PD	GroupPD	-0.100652279	0.237902005	0.188207209	0.09986633	0.579532645	0.09986633	0.579532645	NA	abundance	146	14
d__Bacteria;p__Bacillota_A;c__Clostridia;o__Lachnospirales;f__Lachnospiraceae;g__Butyribacter;s__Butyribacter intestini	Group	PD	GroupPD	-0.552580789	0.237902005	0.461803859	0.101422097	0.579532645	0.101422097	0.579532645	NA	abundance	146	24
d__Bacteria;p__Bacillota_A;c__Clostridia;o__Lachnospirales;f__Lachnospiraceae;g__Bariatricus;s__Bariatricus comes_A	Group	PD	GroupPD	-0.070862219	0.237902005	0.186954318	0.104276561	0.579532645	0.104276561	0.579532645	NA	abundance	146	120
d__Bacteria;p__Actinomycetota;c__Coriobacteriia;o__Coriobacteriales;f__UMGS124;g__JAHZGC01;s__JAHZGC01 sp019421015	Group	PD	GroupPD	-0.129333349	0.237902005	0.214754311	0.104825256	0.579532645	0.104825256	0.579532645	NA	abundance	146	22
d__Bacteria;p__Bacteroidota;c__Bacteroidia;o__Bacteroidales;f__Rikenellaceae;g__Alistipes;s__Alistipes sp902363575	Group	PD	GroupPD	-0.814905639	0.237902005	0.625091548	0.105234403	0.579532645	0.105234403	0.579532645	NA	abundance	146	26
d__Bacteria;p__Bacteroidota;c__Bacteroidia;o__Bacteroidales;f__Bacteroidaceae;g__Phocaeicola;s__Phocaeicola massiliensis	Group	PD	GroupPD	-0.374736422	0.237902005	0.367587658	0.106029782	0.579532645	0.106029782	0.579532645	NA	abundance	146	34
d__Bacteria;p__Bacillota_A;c__Clostridia;o__Oscillospirales;f__Oscillospiraceae;g__UMGS1766;s__UMGS1766 sp900554855	Group	PD	GroupPD	-0.083083011	0.237902005	0.184065922	0.109677747	0.584491274	0.109677747	0.584491274	NA	abundance	146	14
d__Bacteria;p__Bacillota_A;c__Clostridia;o__Lachnospirales;f__Lachnospiraceae;g__Blautia_A;s__Blautia_A intestinalis	Group	PD	GroupPD	0.474392565	0.237902005	0.144080461	0.111275628	0.584491274	0.111275628	0.584491274	NA	abundance	146	80
d__Bacteria;p__Bacillota_A;c__Clostridia;o__Lachnospirales;f__Lachnospiraceae;g__Blautia_A;s__Blautia_A sp900120195	Group	PD	GroupPD	0.663799052	0.237902005	0.2591057	0.111331671	0.584491274	0.111331671	0.584491274	NA	abundance	146	35
d__Bacteria;p__Bacillota_I;c__Bacilli_A;o__Erysipelotrichales;f__Erysipelotrichaceae;g__Longicatena;s__Longicatena caecimuris	Group	PD	GroupPD	0.826840538	0.237902005	0.358920995	0.113677706	0.58504104	0.113677706	0.58504104	NA	abundance	146	28
d__Bacteria;p__Bacillota_A;c__Clostridia;o__Oscillospirales;f__Oscillospiraceae;g__Flavonifractor;s__Flavonifractor plautii	Group	PD	GroupPD	0.613764559	0.237902005	0.233848407	0.114563208	0.58504104	0.114563208	0.58504104	NA	abundance	146	65
d__Bacteria;p__Actinomycetota;c__Coriobacteriia;o__Coriobacteriales;f__Eggerthellaceae;g__Eggerthella;s__Eggerthella lenta	Group	PD	GroupPD	0.634834316	0.237902005	0.247842547	0.115835193	0.58504104	0.115835193	0.58504104	NA	abundance	146	64
d__Bacteria;p__Bacteroidota;c__Bacteroidia;o__Bacteroidales;f__Bacteroidaceae;g__Bacteroides;s__Bacteroides fragilis	Group	PD	GroupPD	0.711325171	0.237902005	0.299995905	0.120488864	0.599227637	0.120488864	0.599227637	NA	abundance	146	69
d__Bacteria;p__Bacillota_I;c__Bacilli_A;o__RF39;f__UBA660;g__CAG-302;s__CAG-302 sp934162325	Group	PD	GroupPD	1.393102232	0.237902005	0.71280039	0.121647716	0.599227637	0.121647716	0.599227637	NA	abundance	146	21
d__Bacteria;p__Bacillota_A;c__Clostridia;o__Lachnospirales;f__Lachnospiraceae;g__Otoolea;s__Otoolea symbiosa	Group	PD	GroupPD	0.779795165	0.237902005	0.329377725	0.124403253	0.605328023	0.124403253	0.605328023	NA	abundance	146	15
d__Bacteria;p__Bacillota_A;c__Clostridia;o__Oscillospirales;f__Oscillospiraceae;g__Vescimonas;s__Vescimonas sp000435555	Group	PD	GroupPD	0.865039082	0.237902005	0.404314099	0.126975979	0.606149299	0.126975979	0.606149299	NA	abundance	146	60
d__Bacteria;p__Bacillota_A;c__Clostridia;o__Christensenellales;f__Aristaeellaceae;g__Pullichristensenella;s__Pullichristensenella stercoripullorum	Group	PD	GroupPD	-0.022148739	0.237902005	0.165817775	0.127610379	0.606149299	0.127610379	0.606149299	NA	abundance	146	49
d__Bacteria;p__Bacteroidota;c__Bacteroidia;o__Bacteroidales;f__Bacteroidaceae;g__Bacteroides;s__Bacteroides salyersiae	Group	PD	GroupPD	-0.354562983	0.237902005	0.370899292	0.130048547	0.61046318	0.130048547	0.61046318	NA	abundance	146	18
d__Bacteria;p__Verrucomicrobiota;c__Verrucomicrobiae;o__Verrucomicrobiales;f__Akkermansiaceae;g__Akkermansia;s__Akkermansia muciniphila_F	Group	PD	GroupPD	1.627855042	0.237902005	0.890207129	0.13420898	0.618180664	0.13420898	0.618180664	NA	abundance	146	22
d__Bacteria;p__Bacillota_A;c__Clostridia;o__Lachnospirales;f__Anaerotignaceae;g__Anaerotignum;s__Anaerotignum faecicola	Group	PD	GroupPD	0.003212457	0.237902005	0.151708337	0.134791273	0.618180664	0.134791273	0.618180664	NA	abundance	146	48
d__Bacteria;p__Bacillota_A;c__Clostridia;o__Lachnospirales;f__Lachnospiraceae;g__Eubacterium_G;s__Eubacterium_G ventriosum	Group	PD	GroupPD	-0.027516281	0.237902005	0.175031951	0.138225816	0.625363891	0.138225816	0.625363891	NA	abundance	146	66
d__Bacteria;p__Bacillota_A;c__Clostridia;o__Lachnospirales;f__Lachnospiraceae;g__Brotaphodocola;s__Brotaphodocola sp003478505	Group	PD	GroupPD	-0.061469123	0.237902005	0.192976307	0.139492196	0.625363891	0.139492196	0.625363891	NA	abundance	146	22
d__Bacteria;p__Bacillota_I;c__Bacilli_A;o__Erysipelotrichales;f__Erysipelotrichaceae;g__Merdibacter;s__Merdibacter merdipullorum	Group	PD	GroupPD	-0.401282574	0.237902005	0.415808713	0.144314877	0.639795956	0.144314877	0.639795956	NA	abundance	146	18
d__Bacteria;p__Bacteroidota;c__Bacteroidia;o__Bacteroidales;f__Marinifilaceae;g__Odoribacter;s__Odoribacter laneus	Group	PD	GroupPD	-0.644802149	0.237902005	0.583557386	0.146333127	0.64161448	0.146333127	0.64161448	NA	abundance	146	22
d__Bacteria;p__Bacteroidota;c__Bacteroidia;o__Bacteroidales;f__Tannerellaceae;g__Parabacteroides;s__Parabacteroides johnsonii	Group	PD	GroupPD	-0.345891663	0.237902005	0.38254291	0.14978632	0.644025631	0.14978632	0.644025631	NA	abundance	146	16
d__Bacteria;p__Bacteroidota;c__Bacteroidia;o__Bacteroidales;f__Rikenellaceae;g__Alistipes;s__Alistipes shahii	Group	PD	GroupPD	-0.092181767	0.237902005	0.22621258	0.150111237	0.644025631	0.150111237	0.644025631	NA	abundance	146	88
d__Bacteria;p__Bacteroidota;c__Bacteroidia;o__Bacteroidales;f__Rikenellaceae;g__Alistipes;s__Alistipes putredinis	Group	PD	GroupPD	-0.091052376	0.237902005	0.228831546	0.155345953	0.657189898	0.155345953	0.657189898	NA	abundance	146	113
d__Bacteria;p__Bacillota_A;c__Clostridia;o__Oscillospirales;f__Oscillospiraceae;g__Onthomonas;s__Onthomonas sp003150485	Group	PD	GroupPD	-0.198947288	0.237902005	0.299562358	0.156473785	0.657189898	0.156473785	0.657189898	NA	abundance	146	32
d__Bacteria;p__Bacillota_A;c__Clostridia;o__Lachnospirales;f__Lachnospiraceae;g__Roseburia_B;s__Roseburia_B zhanii	Group	PD	GroupPD	-0.156959267	0.237902005	0.268054966	0.158817241	0.660084159	0.158817241	0.660084159	NA	abundance	146	20
d__Bacteria;p__Bacteroidota;c__Bacteroidia;o__Bacteroidales;f__Rikenellaceae;g__Alistipes;s__Alistipes finegoldii	Group	PD	GroupPD	0.568323541	0.237902005	0.234937719	0.165049509	0.670085047	0.165049509	0.670085047	NA	abundance	146	87
d__Bacteria;p__Bacillota_A;c__Clostridia;o__Oscillospirales;f__Oscillospiraceae;g__HGM13006;s__HGM13006 sp900756575	Group	PD	GroupPD	0.563488546	0.237902005	0.226732766	0.17010332	0.670085047	0.17010332	0.670085047	NA	abundance	146	20
d__Bacteria;p__Bacillota_A;c__Clostridia;o__Lachnospirales;f__Lachnospiraceae;g__Blautia_A;s__Blautia_A hydrogenotrophica	Group	PD	GroupPD	0.792749838	0.237902005	0.39345766	0.170773002	0.670085047	0.170773002	0.670085047	NA	abundance	146	29
d__Bacteria;p__Bacillota_A;c__Clostridia;o__Oscillospirales;f__Acutalibacteraceae;g__Hominenteromicrobium;s__Hominenteromicrobium sp900549945	Group	PD	GroupPD	1.197160285	0.237902005	0.662238081	0.171144732	0.670085047	0.171144732	0.670085047	NA	abundance	146	15
d__Bacteria;p__Bacillota_A;c__Clostridia;o__Lachnospirales;f__Lachnospiraceae;g__Dorea_A;s__Dorea_A longicatena	Group	PD	GroupPD	-0.117559579	0.237902005	0.257755278	0.172868381	0.670085047	0.172868381	0.670085047	NA	abundance	146	93
d__Bacteria;p__Actinomycetota;c__Coriobacteriia;o__Coriobacteriales;f__Eggerthellaceae;g__Anaerotardibacter;s__Anaerotardibacter sp000436075	Group	PD	GroupPD	0.685531837	0.237902005	0.320973457	0.172896621	0.670085047	0.172896621	0.670085047	NA	abundance	146	37
d__Bacteria;p__Bacillota_A;c__Clostridia;o__Lachnospirales;f__Lachnospiraceae;g__Blautia_A;s__Blautia_A acetigignens	Group	PD	GroupPD	-0.132498722	0.237902005	0.267242647	0.172979348	0.670085047	0.172979348	0.670085047	NA	abundance	146	56
d__Bacteria;p__Bacillota_A;c__Clostridia;o__TANB77;f__CAG-508;g__CAG-269;s__CAG-269 sp000437215	Group	PD	GroupPD	0.714708817	0.237902005	0.335477094	0.178139428	0.682534571	0.178139428	0.682534571	NA	abundance	146	16
d__Bacteria;p__Bacillota_A;c__Clostridia;o__Lachnospirales;f__Lachnospiraceae;g__Blautia_A;s__Blautia_A sp000436615	Group	PD	GroupPD	0.812219899	0.237902005	0.419865733	0.179614361	0.682534571	0.179614361	0.682534571	NA	abundance	146	41
d__Bacteria;p__Cyanobacteriota;c__Vampirovibrionia;o__Gastranaerophilales;f__Gastranaerophilaceae;g__CAG-196;s__CAG-196 sp002102975	Group	PD	GroupPD	0.797908414	0.237902005	0.404446242	0.184277411	0.687573972	0.184277411	0.687573972	NA	abundance	146	19
d__Bacteria;p__Bacillota_A;c__Clostridia;o__Lachnospirales;f__Lachnospiraceae;g__Lachnospira;s__Lachnospira sp000437735	Group	PD	GroupPD	-0.048705116	0.237902005	0.211087983	0.184387005	0.687573972	0.184387005	0.687573972	NA	abundance	146	39
d__Bacteria;p__Bacillota_A;c__Clostridia;o__Lachnospirales;f__Lachnospiraceae;g__Faecalimonas;s__Faecalimonas sp029983955	Group	PD	GroupPD	0.914659149	0.237902005	0.497703776	0.187501375	0.692713412	0.187501375	0.692713412	NA	abundance	146	25
d__Bacteria;p__Bacteroidota;c__Bacteroidia;o__Bacteroidales;f__Marinifilaceae;g__Butyricimonas;s__Butyricimonas sp019423345	Group	PD	GroupPD	0.588542117	0.237902005	0.257506541	0.18968534	0.694352758	0.18968534	0.694352758	NA	abundance	146	23
d__Bacteria;p__Bacteroidota;c__Bacteroidia;o__Bacteroidales;f__Marinifilaceae;g__Butyricimonas;s__Butyricimonas paravirosa	Group	PD	GroupPD	-0.009024241	0.237902005	0.18395375	0.192303191	0.695389488	0.192303191	0.695389488	NA	abundance	146	40
d__Bacteria;p__Bacillota_A;c__Clostridia;o__Lachnospirales;f__Lachnospiraceae;g__Enterocloster;s__Enterocloster bolteae	Group	PD	GroupPD	0.793900587	0.237902005	0.42160914	0.197187299	0.695389488	0.197187299	0.695389488	NA	abundance	146	34
d__Bacteria;p__Bacillota_A;c__Clostridia;o__Lachnospirales;f__Lachnospiraceae;g__Mediterraneibacter;s__Mediterraneibacter faecis	Group	PD	GroupPD	-0.071557128	0.237902005	0.237743702	0.197746424	0.695389488	0.197746424	0.695389488	NA	abundance	146	112
d__Bacteria;p__Bacillota_A;c__Clostridia;o__Christensenellales;f__Aristaeellaceae;g__Pullichristensenella;s__Pullichristensenella sp946496415	Group	PD	GroupPD	-0.014666233	0.237902005	0.191503256	0.200158148	0.695389488	0.200158148	0.695389488	NA	abundance	146	33
d__Bacteria;p__Bacillota_A;c__Clostridia;o__Oscillospirales;f__Oscillospiraceae;g__CAG-103;s__CAG-103 sp000432375	Group	PD	GroupPD	-0.451254229	0.237902005	0.529575607	0.200613915	0.695389488	0.200613915	0.695389488	NA	abundance	146	44
d__Bacteria;p__Bacillota_A;c__Clostridia;o__Oscillospirales;f__Ruminococcaceae;g__Negativibacillus;s__Negativibacillus sp000435195	Group	PD	GroupPD	0.57404165	0.237902005	0.258403518	0.200886804	0.695389488	0.200886804	0.695389488	NA	abundance	146	49
d__Bacteria;p__Bacillota_I;c__Bacilli_A;o__Erysipelotrichales;f__Erysipelotrichaceae;g__Holdemanella;s__Holdemanella porci	Group	PD	GroupPD	-0.7917754	0.237902005	0.771751332	0.202168372	0.695389488	0.202168372	0.695389488	NA	abundance	146	17
d__Bacteria;p__Pseudomonadota;c__Gammaproteobacteria;o__Burkholderiales;f__Burkholderiaceae;g__Sutterella;s__Sutterella wadsworthensis	Group	PD	GroupPD	0.854075286	0.237902005	0.462689506	0.205982495	0.699957958	0.205982495	0.699957958	NA	abundance	146	15
d__Bacteria;p__Bacillota_A;c__Clostridia;o__Peptostreptococcales;f__Anaerovoracaceae;g__CAG-238;s__CAG-238 sp900542245	Group	PD	GroupPD	0.02313656	0.237902005	0.161907459	0.207309797	0.699957958	0.207309797	0.699957958	NA	abundance	146	19
d__Bacteria;p__Bacillota_A;c__Clostridia;o__Christensenellales;f__Aristaeellaceae;g__Faecivicinus;s__Faecivicinus avistercoris	Group	PD	GroupPD	-0.038207331	0.237902005	0.213002382	0.208759391	0.699957958	0.208759391	0.699957958	NA	abundance	146	28
d__Bacteria;p__Bacillota_A;c__Clostridia;o__Lachnospirales;f__Lachnospiraceae;g__Choladousia;s__Choladousia sp902363135	Group	PD	GroupPD	0.3655384	0.237902005	0.098736925	0.213693174	0.705528574	0.213693174	0.705528574	NA	abundance	146	100
d__Bacteria;p__Bacillota_A;c__Clostridia;o__Lachnospirales;f__Lachnospiraceae;g__Butyribacter;s__Butyribacter sp003529475	Group	PD	GroupPD	-0.118668964	0.237902005	0.283889526	0.214917631	0.705528574	0.214917631	0.705528574	NA	abundance	146	68
d__Bacteria;p__Actinomycetota;c__Coriobacteriia;o__Coriobacteriales;f__Eggerthellaceae;g__Senegalimassilia;s__Senegalimassilia anaerobia	Group	PD	GroupPD	-0.556085308	0.237902005	0.610322097	0.217806114	0.705528574	0.217806114	0.705528574	NA	abundance	146	14
d__Bacteria;p__Bacillota_A;c__Clostridia;o__Oscillospirales;f__Butyricicoccaceae;g__Agathobaculum;s__Agathobaculum hominis	Group	PD	GroupPD	-0.053701849	0.237902005	0.23221257	0.218157009	0.705528574	0.218157009	0.705528574	NA	abundance	146	42
d__Bacteria;p__Bacillota_A;c__Clostridia;o__Oscillospirales;f__Ruminococcaceae;g__Faecalibacterium;s__Faecalibacterium duncaniae	Group	PD	GroupPD	-0.082862359	0.237902005	0.258573666	0.219262013	0.705528574	0.219262013	0.705528574	NA	abundance	146	105
d__Bacteria;p__Actinomycetota;c__Coriobacteriia;o__Coriobacteriales;f__Eggerthellaceae;g__Adlercreutzia;s__Adlercreutzia equolifaciens	Group	PD	GroupPD	0.431642776	0.237902005	0.156057978	0.221807618	0.708009918	0.221807618	0.708009918	NA	abundance	146	118
d__Bacteria;p__Bacillota_A;c__Clostridia;o__Christensenellales;f__Aristaeellaceae;g__Faecivicinus;s__Faecivicinus sp900553265	Group	PD	GroupPD	-0.005787586	0.237902005	0.191417795	0.227022524	0.717589783	0.227022524	0.717589783	NA	abundance	146	17
d__Bacteria;p__Bacteroidota;c__Bacteroidia;o__Bacteroidales;f__Bacteroidaceae;g__Bacteroides;s__Bacteroides ovatus	Group	PD	GroupPD	0.526587186	0.237902005	0.236656662	0.228405771	0.717589783	0.228405771	0.717589783	NA	abundance	146	96
d__Bacteria;p__Bacillota_A;c__Clostridia;o__Oscillospirales;f__Ruminococcaceae;g__Ruthenibacterium;s__Ruthenibacterium lactatiformans	Group	PD	GroupPD	0.48290586	0.237902005	0.205573809	0.238307456	0.737941731	0.238307456	0.737941731	NA	abundance	146	111
d__Bacteria;p__Bacillota_A;c__Clostridia;o__Peptostreptococcales;f__Peptostreptococcaceae;g__Romboutsia;s__Romboutsia timonensis	Group	PD	GroupPD	0.478213754	0.237902005	0.201961221	0.240362078	0.737941731	0.240362078	0.737941731	NA	abundance	146	80
d__Bacteria;p__Bacillota_A;c__Clostridia;o__Lachnospirales;f__Lachnospiraceae;g__Massilistercora;s__Massilistercora timonensis	Group	PD	GroupPD	-0.285813966	0.237902005	0.433453362	0.240432143	0.737941731	0.240432143	0.737941731	NA	abundance	146	24
d__Bacteria;p__Bacillota_A;c__Clostridia;o__Lachnospirales;f__Lachnospiraceae;g__UBA3402;s__UBA3402 sp003478355	Group	PD	GroupPD	-0.033290565	0.237902005	0.227504066	0.245185875	0.746787513	0.245185875	0.746787513	NA	abundance	146	29
d__Bacteria;p__Bacillota_A;c__Clostridia;o__Peptostreptococcales;f__Anaerovoracaceae;g__Hominibacterium;s__Hominibacterium hominis	Group	PD	GroupPD	0.408858512	0.237902005	0.144341732	0.249801022	0.751878871	0.249801022	0.751878871	NA	abundance	146	42
d__Bacteria;p__Bacillota_A;c__Clostridia;o__Lachnospirales;f__Lachnospiraceae;g__Frisingicoccus;s__Frisingicoccus sp900757195	Group	PD	GroupPD	-0.931836834	0.237902005	0.978898687	0.25062629	0.751878871	0.25062629	0.751878871	NA	abundance	146	17
d__Bacteria;p__Bacillota_A;c__Clostridia;o__Lachnospirales;f__Lachnospiraceae;g__Blautia_A;s__Blautia_A sp900551715	Group	PD	GroupPD	0.406952758	0.237902005	0.142845493	0.258754984	0.763804518	0.258754984	0.763804518	NA	abundance	146	20
d__Bacteria;p__Bacillota_A;c__Clostridia;o__Lachnospirales;f__Lachnospiraceae;g__Blautia_A;s__Blautia_A ammoniilytica	Group	PD	GroupPD	0.421475808	0.237902005	0.159963467	0.260564273	0.763804518	0.260564273	0.763804518	NA	abundance	146	56
d__Bacteria;p__Verrucomicrobiota;c__Verrucomicrobiae;o__Verrucomicrobiales;f__Akkermansiaceae;g__Akkermansia;s__Akkermansia muciniphila	Group	PD	GroupPD	0.808014145	0.237902005	0.506273837	0.265527387	0.763804518	0.265527387	0.763804518	NA	abundance	146	54
d__Bacteria;p__Bacillota_A;c__Clostridia;o__Oscillospirales;f__Oscillospiraceae;g__Scatomorpha;s__Scatomorpha intestinigallinarum	Group	PD	GroupPD	-0.427452223	0.237902005	0.582114699	0.265571828	0.763804518	0.265571828	0.763804518	NA	abundance	146	23
d__Bacteria;p__Bacteroidota;c__Bacteroidia;o__Bacteroidales;f__Rikenellaceae;g__Alistipes;s__Alistipes senegalensis	Group	PD	GroupPD	-0.002153604	0.237902005	0.210017822	0.266529293	0.763804518	0.266529293	0.763804518	NA	abundance	146	29
d__Bacteria;p__Bacillota_A;c__Clostridia;o__Lachnospirales;f__Lachnospiraceae;g__Blautia_A;s__Blautia_A sp900066335	Group	PD	GroupPD	-0.417672818	0.237902005	0.578824023	0.266845418	0.763804518	0.266845418	0.763804518	NA	abundance	146	31
d__Bacteria;p__Bacillota_A;c__Clostridia;o__Peptostreptococcales;f__Anaerovoracaceae;g__Fimisoma;s__Fimisoma avicola	Group	PD	GroupPD	0.509136657	0.237902005	0.239367713	0.274852467	0.763804518	0.274852467	0.763804518	NA	abundance	146	20
d__Bacteria;p__Bacillota_A;c__Clostridia;o__Oscillospirales;f__Acutalibacteraceae;g__Acutalibacter;s__Acutalibacter sp900548545	Group	PD	GroupPD	0.512303963	0.237902005	0.244814395	0.276250137	0.763804518	0.276250137	0.763804518	NA	abundance	146	24
d__Bacteria;p__Bacillota_A;c__Clostridia;o__Lachnospirales;f__Lachnospiraceae;g__Eubacterium_G;s__Eubacterium_G sp000435815	Group	PD	GroupPD	-0.022831191	0.237902005	0.232545081	0.277175384	0.763804518	0.277175384	0.763804518	NA	abundance	146	24
d__Bacteria;p__Bacillota;c__Bacilli;o__Lactobacillales;f__Streptococcaceae;g__Streptococcus;s__Streptococcus sp004166885	Group	PD	GroupPD	0.043231621	0.237902005	0.170213	0.278582279	0.763804518	0.278582279	0.763804518	NA	abundance	146	14
d__Bacteria;p__Bacillota_A;c__Clostridia;o__Lachnospirales;f__Lachnospiraceae;g__Brotaphodocola;s__Brotaphodocola sp003480315	Group	PD	GroupPD	0.04782308	0.237902005	0.169411028	0.279621829	0.763804518	0.279621829	0.763804518	NA	abundance	146	21
d__Bacteria;p__Bacillota_A;c__Clostridia;o__Lachnospirales;f__Lachnospiraceae;g__Muricoprocola;s__Muricoprocola shaoxingensis	Group	PD	GroupPD	0.66475998	0.237902005	0.376561418	0.279677187	0.763804518	0.279677187	0.763804518	NA	abundance	146	14
d__Bacteria;p__Bacillota_A;c__Clostridia;o__Oscillospirales;f__Oscillospiraceae;g__UMGS1766;s__UMGS1766 sp959602365	Group	PD	GroupPD	0.781922837	0.237902005	0.488631241	0.280474298	0.763804518	0.280474298	0.763804518	NA	abundance	146	20
d__Bacteria;p__Bacillota;c__Bacilli;o__Lactobacillales;f__Streptococcaceae;g__Streptococcus;s__Streptococcus parasanguinis_G	Group	PD	GroupPD	0.505126697	0.237902005	0.24460692	0.281401665	0.763804518	0.281401665	0.763804518	NA	abundance	146	57
d__Bacteria;p__Bacillota_A;c__Clostridia;o__Oscillospirales;f__Oscillospiraceae;g__Vescimonas;s__Vescimonas cirricatena	Group	PD	GroupPD	0.698750469	0.237902005	0.423824821	0.284406582	0.766744771	0.284406582	0.766744771	NA	abundance	146	38
d__Bacteria;p__Desulfobacterota;c__Desulfovibrionia;o__Desulfovibrionales;f__Desulfovibrionaceae;g__Bilophila;s__Bilophila wadsworthia	Group	PD	GroupPD	0.39139955	0.237902005	0.14199956	0.289125435	0.769135413	0.289125435	0.769135413	NA	abundance	146	92
d__Bacteria;p__Actinomycetota;c__Coriobacteriia;o__Coriobacteriales;f__Eggerthellaceae;g__Gordonibacter;s__Gordonibacter pamelaeae	Group	PD	GroupPD	0.028856225	0.237902005	0.192938711	0.289148652	0.769135413	0.289148652	0.769135413	NA	abundance	146	34
d__Bacteria;p__Bacteroidota;c__Bacteroidia;o__Bacteroidales;f__Tannerellaceae;g__Parabacteroides;s__Parabacteroides distasonis	Group	PD	GroupPD	0.447645737	0.237902005	0.198299199	0.29574343	0.776565786	0.29574343	0.776565786	NA	abundance	146	117
d__Bacteria;p__Bacillota_A;c__Clostridia;o__Lachnospirales;f__Lachnospiraceae;g__Mediterraneibacter_A;s__Mediterraneibacter_A butyricigenes	Group	PD	GroupPD	0.419021673	0.237902005	0.168936589	0.296653651	0.776565786	0.296653651	0.776565786	NA	abundance	146	29
d__Bacteria;p__Bacillota_A;c__Clostridia;o__Lachnospirales;f__Lachnospiraceae;g__Sellimonas;s__Sellimonas intestinalis	Group	PD	GroupPD	0.781256006	0.237902005	0.51355149	0.298665443	0.776565786	0.298665443	0.776565786	NA	abundance	146	32
d__Bacteria;p__Bacillota_A;c__Clostridia;o__Christensenellales;f__Aristaeellaceae;g__Pullichristensenella;s__Pullichristensenella excrementipullorum	Group	PD	GroupPD	-0.065415379	0.237902005	0.276512275	0.299727145	0.776565786	0.299727145	0.776565786	NA	abundance	146	12
d__Bacteria;p__Bacillota_A;c__Clostridia;o__Lachnospirales;f__Lachnospiraceae;g__Eubacterium_G;s__Eubacterium_G sp000434315	Group	PD	GroupPD	0.02249533	0.237902005	0.204299871	0.302932663	0.779807307	0.302932663	0.779807307	NA	abundance	146	33
d__Bacteria;p__Bacillota_A;c__Clostridia;o__Lachnospirales;f__Lachnospiraceae;g__Hungatella;s__Hungatella effluvii	Group	PD	GroupPD	0.987022408	0.237902005	0.707097106	0.307276303	0.781958095	0.307276303	0.781958095	NA	abundance	146	16
d__Bacteria;p__Bacillota_A;c__Clostridia;o__Christensenellales;f__Aristaeellaceae;g__Limiplasma;s__Limiplasma merdipullorum	Group	PD	GroupPD	-0.151617393	0.237902005	0.377430776	0.307687772	0.781958095	0.307687772	0.781958095	NA	abundance	146	51
d__Bacteria;p__Bacillota_A;c__Clostridia;o__Lachnospirales;f__Lachnospiraceae;g__Limivivens;s__Limivivens sp934393555	Group	PD	GroupPD	0.0529476	0.237902005	0.17784608	0.309718713	0.782137763	0.309718713	0.782137763	NA	abundance	146	34
d__Bacteria;p__Bacillota_A;c__Clostridia;o__Lachnospirales;f__Lachnospiraceae;g__UBA4285;s__UBA4285 sp900545225	Group	PD	GroupPD	0.558042723	0.237902005	0.310292753	0.31589762	0.784243832	0.31589762	0.784243832	NA	abundance	146	21
d__Bacteria;p__Bacillota_A;c__Clostridia;o__Oscillospirales;f__Oscillospiraceae;g__CAG-170;s__CAG-170 sp003516765	Group	PD	GroupPD	0.42867243	0.237902005	0.185993799	0.316594651	0.784243832	0.316594651	0.784243832	NA	abundance	146	32
d__Bacteria;p__Bacteroidota;c__Bacteroidia;o__Bacteroidales;f__Barnesiellaceae;g__Barnesiella;s__Barnesiella intestinihominis	Group	PD	GroupPD	0.477455693	0.237902005	0.237373212	0.318046354	0.784243832	0.318046354	0.784243832	NA	abundance	146	83
d__Bacteria;p__Bacteroidota;c__Bacteroidia;o__Bacteroidales;f__Bacteroidaceae;g__Bacteroides;s__Bacteroides cellulosilyticus	Group	PD	GroupPD	-0.159867731	0.237902005	0.395553781	0.318414789	0.784243832	0.318414789	0.784243832	NA	abundance	146	70
d__Bacteria;p__Bacillota_A;c__Clostridia;o__Christensenellales;f__CAG-138;g__SFEL01;s__SFEL01 sp004557245	Group	PD	GroupPD	0.543097473	0.237902005	0.304094389	0.322027905	0.786897609	0.322027905	0.786897609	NA	abundance	146	48
d__Bacteria;p__Bacillota_A;c__Clostridia;o__Lachnospirales;f__Lachnospiraceae;g__Scatomonas;s__Scatomonas merdavium	Group	PD	GroupPD	-0.108101078	0.237902005	0.340666693	0.324839993	0.786897609	0.324839993	0.786897609	NA	abundance	146	19
d__Bacteria;p__Bacillota_A;c__Clostridia;o__Oscillospirales;f__Acutalibacteraceae;g__Solibaculum;s__Solibaculum mannosilyticum	Group	PD	GroupPD	-0.004527611	0.237902005	0.232637962	0.325408786	0.786897609	0.325408786	0.786897609	NA	abundance	146	12
d__Bacteria;p__Bacillota_A;c__Clostridia;o__Lachnospirales;f__Lachnospiraceae;g__Schaedlerella;s__Schaedlerella glycyrrhizinilytica_A	Group	PD	GroupPD	0.507534492	0.237902005	0.273128808	0.330497652	0.794388935	0.330497652	0.794388935	NA	abundance	146	42
d__Bacteria;p__Bacillota_A;c__Clostridia;o__Oscillospirales;f__Ruminococcaceae;g__Faecalibacterium;s__Faecalibacterium prausnitzii_D	Group	PD	GroupPD	0.015150033	0.237902005	0.228508749	0.333284506	0.796290526	0.333284506	0.796290526	NA	abundance	146	107
d__Bacteria;p__Bacillota_A;c__Clostridia;o__Christensenellales;f__Aristaeellaceae;g__RUG11247;s__RUG11247 sp902767315	Group	PD	GroupPD	0.388599496	0.237902005	0.149981122	0.336289516	0.797720358	0.336289516	0.797720358	NA	abundance	146	17
d__Bacteria;p__Bacillota_A;c__Clostridia;o__Oscillospirales;f__Oscillospiraceae;g__Vescimonas;s__Vescimonas coprocola	Group	PD	GroupPD	0.01286499	0.237902005	0.232143955	0.340539648	0.797720358	0.340539648	0.797720358	NA	abundance	146	53
d__Bacteria;p__Bacillota_A;c__Clostridia;o__Lachnospirales;f__Lachnospiraceae;g__Blautia;s__Blautia celeris	Group	PD	GroupPD	0.691910383	0.237902005	0.469577961	0.343313703	0.797720358	0.343313703	0.797720358	NA	abundance	146	25
d__Bacteria;p__Bacillota_A;c__Clostridia;o__Oscillospirales;f__Oscillospiraceae;g__Intestinimonas;s__Intestinimonas massiliensis	Group	PD	GroupPD	0.010074706	0.237902005	0.235119188	0.344300761	0.797720358	0.344300761	0.797720358	NA	abundance	146	30
d__Bacteria;p__Bacteroidota;c__Bacteroidia;o__Bacteroidales;f__Bacteroidaceae;g__Bacteroides;s__Bacteroides faecis	Group	PD	GroupPD	-0.264992542	0.237902005	0.519724556	0.346142703	0.797720358	0.346142703	0.797720358	NA	abundance	146	20
d__Bacteria;p__Bacillota_A;c__Clostridia;o__Lachnospirales;f__Lachnospiraceae;g__Agathobacter;s__Agathobacter sp000434275	Group	PD	GroupPD	0.609215314	0.237902005	0.385275182	0.350637181	0.797720358	0.350637181	0.797720358	NA	abundance	146	17
d__Bacteria;p__Bacteroidota;c__Bacteroidia;o__Bacteroidales;f__Bacteroidaceae;g__Paraprevotella;s__Paraprevotella clara	Group	PD	GroupPD	-0.089245883	0.237902005	0.34131335	0.351421964	0.797720358	0.351421964	0.797720358	NA	abundance	146	19
d__Bacteria;p__Bacillota_A;c__Clostridia;o__Lachnospirales;f__Lachnospiraceae;g__Alitiscatomonas;s__Alitiscatomonas aceti	Group	PD	GroupPD	0.368393323	0.237902005	0.136890531	0.351434037	0.797720358	0.351434037	0.797720358	NA	abundance	146	82
d__Bacteria;p__Bacillota_A;c__Clostridia;o__Lachnospirales;f__Lachnospiraceae;g__Ruminococcus_B;s__Ruminococcus_B gnavus	Group	PD	GroupPD	0.838908355	0.237902005	0.639107903	0.351876649	0.797720358	0.351876649	0.797720358	NA	abundance	146	49
d__Bacteria;p__Bacillota_A;c__Clostridia;o__Oscillospirales;f__Ruminococcaceae;g__Ruminococcus_C;s__Ruminococcus_C sp000433635	Group	PD	GroupPD	-0.492342205	0.237902005	0.758305232	0.354342004	0.798770959	0.354342004	0.798770959	NA	abundance	146	14
d__Bacteria;p__Bacillota;c__Bacilli;o__Lactobacillales;f__Streptococcaceae;g__Streptococcus;s__Streptococcus sp001556435	Group	PD	GroupPD	0.491093859	0.237902005	0.272985468	0.356664972	0.799490584	0.356664972	0.799490584	NA	abundance	146	113
d__Bacteria;p__Bacillota_A;c__Clostridia;o__Lachnospirales;f__Lachnospiraceae;g__V9D3004;s__V9D3004 sp900760345	Group	PD	GroupPD	-0.061682066	0.237902005	0.322103789	0.360819394	0.804284571	0.360819394	0.804284571	NA	abundance	146	31
d__Bacteria;p__Bacillota_A;c__Clostridia;o__Oscillospirales;f__Oscillospiraceae;g__Vescimonas;s__Vescimonas sp900545585	Group	PD	GroupPD	0.677523967	0.237902005	0.480317794	0.374762551	0.822418497	0.374762551	0.822418497	NA	abundance	146	17
d__Bacteria;p__Bacteroidota;c__Bacteroidia;o__Bacteroidales;f__Tannerellaceae;g__Parabacteroides;s__Parabacteroides merdae	Group	PD	GroupPD	0.439629059	0.237902005	0.225939134	0.376363256	0.822418497	0.376363256	0.822418497	NA	abundance	146	79
d__Bacteria;p__Bacillota_A;c__Clostridia;o__Christensenellales;f__Aristaeellaceae;g__Fimadaptatus;s__Fimadaptatus sp900553645	Group	PD	GroupPD	0.04795409	0.237902005	0.207989414	0.377568233	0.822418497	0.377568233	0.822418497	NA	abundance	146	17
d__Bacteria;p__Bacillota;c__Bacilli;o__Lactobacillales;f__Streptococcaceae;g__Streptococcus;s__Streptococcus sp902463925	Group	PD	GroupPD	0.875276338	0.237902005	0.707759718	0.377961562	0.822418497	0.377961562	0.822418497	NA	abundance	146	23
d__Bacteria;p__Bacillota_A;c__Clostridia;o__Lachnospirales;f__Lachnospiraceae;g__Choladousia;s__Choladousia sp902363665	Group	PD	GroupPD	0.415998784	0.237902005	0.199809418	0.37926066	0.822418497	0.37926066	0.822418497	NA	abundance	146	61
d__Bacteria;p__Bacillota_A;c__Clostridia;o__Oscillospirales;f__Ruminococcaceae;g__Anaerotruncus;s__Anaerotruncus massiliensis	Group	PD	GroupPD	0.603512084	0.237902005	0.408032792	0.382503603	0.82496723	0.382503603	0.82496723	NA	abundance	146	20
d__Bacteria;p__Bacillota_A;c__Clostridia;o__Oscillospirales;f__Oscillospiraceae;g__Lawsonibacter;s__Lawsonibacter sp900066825	Group	PD	GroupPD	0.750654528	0.237902005	0.580629215	0.391901465	0.839088087	0.391901465	0.839088087	NA	abundance	146	16
d__Bacteria;p__Bacillota_A;c__Clostridia;o__Lachnospirales;f__Lachnospiraceae;g__Blautia_A;s__Blautia_A sp900066205	Group	PD	GroupPD	0.61982728	0.237902005	0.4423384	0.393256823	0.839088087	0.393256823	0.839088087	NA	abundance	146	44
d__Bacteria;p__Bacillota_A;c__Clostridia;o__Christensenellales;f__Aristaeellaceae;g__Pullichristensenella;s__Pullichristensenella stercorigallinarum	Group	PD	GroupPD	0.078803684	0.237902005	0.18242554	0.396653157	0.84183303	0.396653157	0.84183303	NA	abundance	146	23
d__Bacteria;p__Bacillota_A;c__Clostridia;o__Oscillospirales;f__Ruminococcaceae;g__Porcipelethomonas;s__Porcipelethomonas sp900538575	Group	PD	GroupPD	-0.356023732	0.237902005	0.695950071	0.403543446	0.843391728	0.403543446	0.843391728	NA	abundance	146	22
d__Bacteria;p__Bacillota_A;c__Clostridia;o__Oscillospirales;f__Oscillospiraceae;g__Scatomorpha;s__Scatomorpha sp900545405	Group	PD	GroupPD	0.720140388	0.237902005	0.567808461	0.403635621	0.843391728	0.403635621	0.843391728	NA	abundance	146	27
d__Bacteria;p__Bacillota_A;c__Clostridia;o__TANB77;f__CAG-508;g__CAG-269;s__CAG-269 sp001916005	Group	PD	GroupPD	0.011077493	0.237902005	0.260138996	0.404266198	0.843391728	0.404266198	0.843391728	NA	abundance	146	13
d__Bacteria;p__Bacillota_A;c__Clostridia;o__Oscillospirales;f__Oscillospiraceae;g__Lawsonibacter;s__Lawsonibacter aceti	Group	PD	GroupPD	0.409281778	0.237902005	0.198806128	0.405842636	0.843391728	0.405842636	0.843391728	NA	abundance	146	15
d__Bacteria;p__Bacillota_A;c__Clostridia;o__Lachnospirales;f__Lachnospiraceae;g__Lachnoclostridium_B;s__Lachnoclostridium_B acetigenes	Group	PD	GroupPD	0.431772752	0.237902005	0.228923396	0.41075484	0.848561553	0.41075484	0.848561553	NA	abundance	146	19
d__Bacteria;p__Actinomycetota;c__Actinomycetes;o__Actinomycetales;f__Bifidobacteriaceae;g__Bifidobacterium;s__Bifidobacterium pseudocatenulatum	Group	PD	GroupPD	0.942316714	0.237902005	0.845076533	0.412583813	0.848561553	0.412583813	0.848561553	NA	abundance	146	26
d__Bacteria;p__Bacillota_A;c__Clostridia;o__Oscillospirales;f__CAG-272;g__UMGS911;s__UMGS911 sp003343545	Group	PD	GroupPD	0.408273249	0.237902005	0.204654231	0.419863252	0.85050807	0.419863252	0.85050807	NA	abundance	146	18
d__Bacteria;p__Bacillota_A;c__Clostridia;o__Oscillospirales;f__Acutalibacteraceae;g__UMGS1071;s__UMGS1071 sp934476545	Group	PD	GroupPD	0.407311454	0.237902005	0.204894583	0.423190823	0.85050807	0.423190823	0.85050807	NA	abundance	146	19
d__Bacteria;p__Bacillota_A;c__Clostridia;o__Christensenellales;f__Aristaeellaceae;g__Ventricola;s__Ventricola sp900548125	Group	PD	GroupPD	0.388243505	0.237902005	0.184219067	0.426327468	0.85050807	0.426327468	0.85050807	NA	abundance	146	24
d__Bacteria;p__Bacillota_A;c__Clostridia;o__Oscillospirales;f__Butyricicoccaceae;g__Agathobaculum;s__Agathobaculum ammoniilyticum	Group	PD	GroupPD	0.51017891	0.237902005	0.334473426	0.431976922	0.85050807	0.431976922	0.85050807	NA	abundance	146	14
d__Bacteria;p__Bacillota_A;c__Clostridia;o__Lachnospirales;f__Lachnospiraceae;g__Dorea_D;s__Dorea_D hominis	Group	PD	GroupPD	0.389573048	0.237902005	0.191491355	0.436076214	0.85050807	0.436076214	0.85050807	NA	abundance	146	44
d__Bacteria;p__Bacillota_A;c__Clostridia;o__Lachnospirales;f__Lachnospiraceae;g__JAGTTR01;s__JAGTTR01 sp018223385	Group	PD	GroupPD	0.056110481	0.237902005	0.225493333	0.436470285	0.85050807	0.436470285	0.85050807	NA	abundance	146	15
d__Bacteria;p__Desulfobacterota;c__Desulfovibrionia;o__Desulfovibrionales;f__Desulfovibrionaceae;g__Desulfovibrio;s__Desulfovibrio sp018379785	Group	PD	GroupPD	0.005392013	0.237902005	0.292679064	0.437716053	0.85050807	0.437716053	0.85050807	NA	abundance	146	23
d__Bacteria;p__Bacillota_A;c__Clostridia;o__Oscillospirales;f__Ruminococcaceae;g__Gemmiger;s__Gemmiger sp900539695	Group	PD	GroupPD	0.140563648	0.237902005	0.123250263	0.439067848	0.85050807	0.439067848	0.85050807	NA	abundance	146	65
d__Bacteria;p__Bacillota_A;c__Clostridia;o__Lachnospirales;f__Lachnospiraceae;g__Oliverpabstia;s__Oliverpabstia intestinalis	Group	PD	GroupPD	0.071354187	0.237902005	0.21417693	0.439501839	0.85050807	0.439501839	0.85050807	NA	abundance	146	97
d__Bacteria;p__Bacillota_A;c__Clostridia;o__Lachnospirales;f__Lachnospiraceae;g__Anaerostipes;s__Anaerostipes amylophilus	Group	PD	GroupPD	-0.083056414	0.237902005	0.412286612	0.441209639	0.85050807	0.441209639	0.85050807	NA	abundance	146	41
d__Bacteria;p__Bacillota_A;c__Clostridia;o__Oscillospirales;f__Ruminococcaceae;g__HGM13222;s__HGM13222 sp900757485	Group	PD	GroupPD	0.433565841	0.237902005	0.245797201	0.443260969	0.85050807	0.443260969	0.85050807	NA	abundance	146	14
d__Bacteria;p__Bacillota_A;c__Clostridia;o__Lachnospirales;f__Lachnospiraceae;g__Enterocloster;s__Enterocloster sp000431375	Group	PD	GroupPD	0.050851987	0.237902005	0.242050938	0.44380559	0.85050807	0.44380559	0.85050807	NA	abundance	146	64
d__Bacteria;p__Actinomycetota;c__Coriobacteriia;o__Coriobacteriales;f__Eggerthellaceae;g__Anaerotardibacter;s__Anaerotardibacter sp000435675	Group	PD	GroupPD	0.482676937	0.237902005	0.320300263	0.44902973	0.85050807	0.44902973	0.85050807	NA	abundance	146	52
d__Bacteria;p__Bacillota_A;c__Clostridia;o__Lachnospirales;f__Lachnospiraceae;g__Alitiscatomonas;s__Alitiscatomonas sp900066785	Group	PD	GroupPD	0.443189197	0.237902005	0.265987689	0.449348128	0.85050807	0.449348128	0.85050807	NA	abundance	146	24
d__Bacteria;p__Bacillota_A;c__Clostridia;o__Oscillospirales;f__Oscillospiraceae;g__CAG-103;s__CAG-103 sp900317855	Group	PD	GroupPD	-0.192907562	0.237902005	0.564292741	0.450240191	0.85050807	0.450240191	0.85050807	NA	abundance	146	36
d__Bacteria;p__Bacillota_A;c__Clostridia;o__Lachnospirales;f__Lachnospiraceae;g__Eisenbergiella;s__Eisenbergiella tayi	Group	PD	GroupPD	0.444861995	0.237902005	0.274194297	0.456722561	0.85050807	0.456722561	0.85050807	NA	abundance	146	38
d__Bacteria;p__Bacillota_A;c__Clostridia;o__Oscillospirales;f__Acutalibacteraceae;g__Fimenecus;s__Fimenecus sp000432435	Group	PD	GroupPD	-0.109700648	0.237902005	0.464338259	0.459963171	0.85050807	0.459963171	0.85050807	NA	abundance	146	31
d__Bacteria;p__Actinomycetota;c__Coriobacteriia;o__Coriobacteriales;f__Eggerthellaceae;g__CAJFUR01;s__CAJFUR01 sp904420575	Group	PD	GroupPD	0.087427684	0.237902005	0.201138181	0.463167637	0.85050807	0.463167637	0.85050807	NA	abundance	146	31
d__Bacteria;p__Bacillota_A;c__Clostridia;o__Oscillospirales;f__Oscillospiraceae;g__CAG-103;s__CAG-103 sp905215475	Group	PD	GroupPD	0.523386793	0.237902005	0.386103009	0.463510564	0.85050807	0.463510564	0.85050807	NA	abundance	146	51
d__Bacteria;p__Bacillota_A;c__Clostridia;o__Lachnospirales;f__Lachnospiraceae;g__Blautia;s__Blautia stercoris	Group	PD	GroupPD	-0.109120952	0.237902005	0.468023599	0.46372014	0.85050807	0.46372014	0.85050807	NA	abundance	146	35
d__Bacteria;p__Bacillota_A;c__Clostridia;o__Oscillospirales;f__Ruminococcaceae;g__Zongyangia;s__Zongyangia gallinarum	Group	PD	GroupPD	0.382417607	0.237902005	0.192792893	0.463927805	0.85050807	0.463927805	0.85050807	NA	abundance	146	23
d__Bacteria;p__Bacillota_A;c__Clostridia;o__Lachnospirales;f__Lachnospiraceae;g__Blautia_A;s__Blautia_A sp934394595	Group	PD	GroupPD	0.315115901	0.237902005	0.103126646	0.469232929	0.85050807	0.469232929	0.85050807	NA	abundance	146	53
d__Bacteria;p__Bacillota_A;c__Clostridia;o__Oscillospirales;f__Oscillospiraceae;g__Dysosmobacter;s__Dysosmobacter faecalis	Group	PD	GroupPD	0.103373883	0.237902005	0.183464686	0.472090922	0.85050807	0.472090922	0.85050807	NA	abundance	146	30
d__Bacteria;p__Bacillota_A;c__Clostridia;o__Lachnospirales;f__Lachnospiraceae;g__Blautia_A;s__Blautia_A sp900548245	Group	PD	GroupPD	0.01889031	0.237902005	0.303872273	0.476178534	0.85050807	0.476178534	0.85050807	NA	abundance	146	47
d__Bacteria;p__Bacillota;c__Bacilli;o__Lactobacillales;f__Streptococcaceae;g__Lactococcus;s__Lactococcus lactis	Group	PD	GroupPD	0.528194899	0.237902005	0.403979106	0.476490284	0.85050807	0.476490284	0.85050807	NA	abundance	146	42
d__Bacteria;p__Bacillota_A;c__Clostridia;o__Lachnospirales;f__Lachnospiraceae;g__AF33-28;s__AF33-28 sp003477885	Group	PD	GroupPD	0.459541714	0.237902005	0.30268164	0.476645694	0.85050807	0.476645694	0.85050807	NA	abundance	146	16
d__Bacteria;p__Bacillota_A;c__Clostridia;o__TANB77;f__CAG-508;g__CAG-273;s__CAG-273 sp003534295	Group	PD	GroupPD	0.752048587	0.237902005	0.707679337	0.477182409	0.85050807	0.477182409	0.85050807	NA	abundance	146	19
d__Bacteria;p__Bacillota;c__Bacilli;o__MOL361;f__Turicibacteraceae;g__Turicibacter;s__Turicibacter sanguinis	Group	PD	GroupPD	-0.046961503	0.237902005	0.393461722	0.478044182	0.85050807	0.478044182	0.85050807	NA	abundance	146	21
d__Bacteria;p__Bacillota_A;c__Clostridia;o__Oscillospirales;f__Acutalibacteraceae;g__Anaeromassilibacillus;s__Anaeromassilibacillus sp001305115	Group	PD	GroupPD	0.423038344	0.237902005	0.255562543	0.48356625	0.85050807	0.48356625	0.85050807	NA	abundance	146	14
d__Bacteria;p__Bacillota_A;c__Clostridia;o__Clostridiales;f__Clostridiaceae;g__Clostridium;s__Clostridium sp000435835	Group	PD	GroupPD	0.382857384	0.237902005	0.202590013	0.485197633	0.85050807	0.485197633	0.85050807	NA	abundance	146	21
d__Bacteria;p__Bacillota_A;c__Clostridia;o__Oscillospirales;f__Oscillospiraceae;g__Pseudoscilispira;s__Pseudoscilispira sp018369915	Group	PD	GroupPD	0.123942288	0.237902005	0.157755246	0.487075041	0.85050807	0.487075041	0.85050807	NA	abundance	146	15
d__Bacteria;p__Bacillota_A;c__Clostridia;o__Lachnospirales;f__Lachnospiraceae;g__Coprococcus_A;s__Coprococcus_A catus_A	Group	PD	GroupPD	0.131990213	0.237902005	0.150324102	0.487390811	0.85050807	0.487390811	0.85050807	NA	abundance	146	93
d__Bacteria;p__Bacillota_A;c__Clostridia;o__Lachnospirales;f__Lachnospiraceae;g__Lachnoclostridium_B;s__Lachnoclostridium_B ammoniilytica	Group	PD	GroupPD	0.316313074	0.237902005	0.109631853	0.48783181	0.85050807	0.48783181	0.85050807	NA	abundance	146	85
d__Bacteria;p__Actinomycetota;c__Actinomycetes;o__Actinomycetales;f__Bifidobacteriaceae;g__Bifidobacterium;s__Bifidobacterium dentium	Group	PD	GroupPD	0.710313815	0.237902005	0.666351693	0.490795361	0.85050807	0.490795361	0.85050807	NA	abundance	146	15
d__Bacteria;p__Bacillota_A;c__Clostridia;o__Lachnospirales;f__Lachnospiraceae;g__Oliverpabstia;s__Oliverpabstia faecicola	Group	PD	GroupPD	-0.096280673	0.237902005	0.472392195	0.492334745	0.85050807	0.492334745	0.85050807	NA	abundance	146	14
d__Bacteria;p__Bacillota_A;c__Clostridia;o__Peptostreptococcales;f__Anaerovoracaceae;g__Alangreenwoodia;s__Alangreenwoodia sp905206455	Group	PD	GroupPD	0.164880789	0.237902005	0.104032833	0.496595668	0.85050807	0.496595668	0.85050807	NA	abundance	146	51
d__Bacteria;p__Bacteroidota;c__Bacteroidia;o__Bacteroidales;f__Rikenellaceae;g__Alistipes;s__Alistipes communis	Group	PD	GroupPD	0.373578186	0.237902005	0.197706822	0.496709395	0.85050807	0.496709395	0.85050807	NA	abundance	146	88
d__Bacteria;p__Bacillota_A;c__Clostridia;o__Peptostreptococcales;f__Peptostreptococcaceae;g__Intestinibacter;s__Intestinibacter bartlettii	Group	PD	GroupPD	0.424965757	0.237902005	0.274919719	0.50012982	0.85050807	0.50012982	0.85050807	NA	abundance	146	54
d__Bacteria;p__Bacillota_A;c__Clostridia;o__Christensenellales;f__CAG-138;g__Phil1;s__Phil1 sp001940855	Group	PD	GroupPD	0.563408682	0.237902005	0.476370398	0.502840892	0.85050807	0.502840892	0.85050807	NA	abundance	146	21
d__Bacteria;p__Bacillota_A;c__Clostridia;o__Oscillospirales;f__Ruminococcaceae;g__Faecalibacterium;s__Faecalibacterium sp900539885	Group	PD	GroupPD	0.066705277	0.237902005	0.255048148	0.505631125	0.85050807	0.505631125	0.85050807	NA	abundance	146	53
d__Bacteria;p__Bacillota_A;c__Clostridia;o__Lachnospirales;f__Lachnospiraceae;g__Ventrisoma;s__Ventrisoma faecale	Group	PD	GroupPD	-0.003671103	0.237902005	0.355803352	0.50750875	0.85050807	0.50750875	0.85050807	NA	abundance	146	20
d__Bacteria;p__Bacillota_A;c__Clostridia;o__Christensenellales;f__CAG-314;g__CAG-314;s__CAG-314 sp000437915	Group	PD	GroupPD	0.420120243	0.237902005	0.272275739	0.508782022	0.85050807	0.508782022	0.85050807	NA	abundance	146	32
d__Bacteria;p__Bacillota_A;c__Clostridia;o__Christensenellales;f__Aristaeellaceae;g__Limiplasma;s__Limiplasma sp900548145	Group	PD	GroupPD	0.538556795	0.237902005	0.451414727	0.515209665	0.85050807	0.515209665	0.85050807	NA	abundance	146	17
d__Bacteria;p__Bacillota_A;c__Clostridia;o__Oscillospirales;f__Oscillospiraceae;g__Vescimonas;s__Vescimonas sp003539495	Group	PD	GroupPD	0.550463734	0.237902005	0.46909192	0.518796859	0.85050807	0.518796859	0.85050807	NA	abundance	146	13
d__Bacteria;p__Bacillota_A;c__Clostridia;o__Oscillospirales;f__Ruminococcaceae;g__Gemmiger;s__Gemmiger sp900540595	Group	PD	GroupPD	-0.134753554	0.237902005	0.570287408	0.518943155	0.85050807	0.518943155	0.85050807	NA	abundance	146	28
d__Bacteria;p__Bacillota_A;c__Clostridia;o__Monoglobales;f__Monoglobaceae;g__Monoglobus;s__Monoglobus pectinilyticus	Group	PD	GroupPD	0.075199268	0.237902005	0.250511362	0.51981557	0.85050807	0.51981557	0.85050807	NA	abundance	146	62
d__Bacteria;p__Actinomycetota;c__Actinomycetes;o__Actinomycetales;f__Bifidobacteriaceae;g__Bifidobacterium;s__Bifidobacterium bifidum	Group	PD	GroupPD	0.777779618	0.237902005	0.827993175	0.520506745	0.85050807	0.520506745	0.85050807	NA	abundance	146	25
d__Bacteria;p__Bacillota_A;c__Clostridia;o__Lachnospirales;f__Lachnospiraceae;g__Dorea_A;s__Dorea_A amylophila	Group	PD	GroupPD	0.37771748	0.237902005	0.217140566	0.523868682	0.85050807	0.523868682	0.85050807	NA	abundance	146	69
d__Bacteria;p__Bacillota_A;c__Clostridia;o__Oscillospirales;f__Ruminococcaceae;g__Anaerotruncus;s__Anaerotruncus colihominis	Group	PD	GroupPD	0.073957262	0.237902005	0.252442962	0.526035321	0.85050807	0.526035321	0.85050807	NA	abundance	146	19
d__Bacteria;p__Bacillota_A;c__Clostridia;o__TANB77;f__CAG-508;g__CAG-269;s__CAG-269 sp000431335	Group	PD	GroupPD	-0.082660937	0.237902005	0.49695159	0.527883013	0.85050807	0.527883013	0.85050807	NA	abundance	146	18
d__Bacteria;p__Bacteroidota;c__Bacteroidia;o__Bacteroidales;f__Rikenellaceae;g__Tidjanibacter;s__Tidjanibacter inops	Group	PD	GroupPD	-0.115841974	0.237902005	0.556655901	0.531598979	0.85050807	0.531598979	0.85050807	NA	abundance	146	24
d__Bacteria;p__Bacillota_A;c__Clostridia;o__Oscillospirales;f__Oscillospiraceae;g__F23-B02;s__F23-B02 sp001916715	Group	PD	GroupPD	-0.081386417	0.237902005	0.506646928	0.53252225	0.85050807	0.53252225	0.85050807	NA	abundance	146	36
d__Bacteria;p__Bacillota_A;c__Clostridia;o__Oscillospirales;f__Acutalibacteraceae;g__Eubacterium_R;s__Eubacterium_R sp000434995	Group	PD	GroupPD	0.486065075	0.237902005	0.391684463	0.532711541	0.85050807	0.532711541	0.85050807	NA	abundance	146	25
d__Bacteria;p__Bacteroidota;c__Bacteroidia;o__Bacteroidales;f__Bacteroidaceae;g__Bacteroides;s__Bacteroides thetaiotaomicron	Group	PD	GroupPD	0.121119158	0.237902005	0.186021483	0.533001885	0.85050807	0.533001885	0.85050807	NA	abundance	146	94
d__Bacteria;p__Bacillota_A;c__Clostridia;o__Lachnospirales;f__Lachnospiraceae;g__Blautia_A;s__Blautia_A faecis	Group	PD	GroupPD	0.105996376	0.237902005	0.21069836	0.533614262	0.85050807	0.533614262	0.85050807	NA	abundance	146	140
d__Bacteria;p__Bacillota_A;c__Clostridia;o__Oscillospirales;f__Oscillospiraceae;g__CAG-170;s__CAG-170 sp002404795	Group	PD	GroupPD	0.398133272	0.237902005	0.255962705	0.535351578	0.85050807	0.535351578	0.85050807	NA	abundance	146	44
d__Bacteria;p__Bacillota_A;c__Clostridia;o__Lachnospirales;f__Lachnospiraceae;g__Roseburia_C;s__Roseburia_C amylophila	Group	PD	GroupPD	0.464805495	0.237902005	0.362818186	0.535519128	0.85050807	0.535519128	0.85050807	NA	abundance	146	49
d__Bacteria;p__Bacillota_A;c__Clostridia;o__Oscillospirales;f__Acutalibacteraceae;g__UMGS1071;s__UMGS1071 sp900542375	Group	PD	GroupPD	0.31726956	0.237902005	0.125748835	0.537162992	0.85050807	0.537162992	0.85050807	NA	abundance	146	61
d__Bacteria;p__Bacillota_A;c__Clostridia;o__Lachnospirales;f__Lachnospiraceae;g__Massilistercora;s__Massilistercora sp902406105	Group	PD	GroupPD	0.447907399	0.237902005	0.337932533	0.545030473	0.858371438	0.545030473	0.858371438	NA	abundance	146	15
d__Bacteria;p__Bacillota_A;c__Clostridia;o__Oscillospirales;f__Oscillospiraceae;g__Evtepia;s__Evtepia excrementipullorum	Group	PD	GroupPD	0.409971379	0.237902005	0.282620685	0.547705713	0.858371438	0.547705713	0.858371438	NA	abundance	146	33
d__Bacteria;p__Bacillota_A;c__Clostridia;o__Clostridiales;f__Clostridiaceae;g__Clostridium;s__Clostridium saudiense	Group	PD	GroupPD	0.40863303	0.237902005	0.281895769	0.549880775	0.858371438	0.549880775	0.858371438	NA	abundance	146	30
d__Bacteria;p__Bacillota_A;c__Clostridia;o__Oscillospirales;f__Oscillospiraceae;g__Onthomonas;s__Onthomonas sp900545815	Group	PD	GroupPD	0.092893631	0.237902005	0.239824154	0.551166512	0.858371438	0.551166512	0.858371438	NA	abundance	146	27
d__Bacteria;p__Bacillota_A;c__Clostridia;o__Lachnospirales;f__Lachnospiraceae;g__Dorea;s__Dorea formicigenerans	Group	PD	GroupPD	0.325597504	0.237902005	0.146295631	0.554350783	0.858371438	0.554350783	0.858371438	NA	abundance	146	113
d__Bacteria;p__Bacillota_A;c__Clostridia;o__Oscillospirales;f__Oscillospiraceae;g__Hominicoprocola;s__Hominicoprocola sp934835795	Group	PD	GroupPD	0.127705848	0.237902005	0.185487282	0.556562024	0.858371438	0.556562024	0.858371438	NA	abundance	146	89
d__Bacteria;p__Bacillota_A;c__Clostridia;o__Oscillospirales;f__Ruminococcaceae;g__Faecalibacterium;s__Faecalibacterium sp905215595	Group	PD	GroupPD	0.091333342	0.237902005	0.249112362	0.558532051	0.858371438	0.558532051	0.858371438	NA	abundance	146	108
d__Bacteria;p__Bacillota_A;c__Clostridia;o__Oscillospirales;f__Oscillospiraceae;g__Faecousia;s__Faecousia sp000435995	Group	PD	GroupPD	0.074731037	0.237902005	0.276902842	0.559339784	0.858371438	0.559339784	0.858371438	NA	abundance	146	50
d__Bacteria;p__Actinomycetota;c__Actinomycetes;o__Actinomycetales;f__Actinomycetaceae;g__Pauljensenia;s__Pauljensenia sp905370305	Group	PD	GroupPD	0.358303495	0.237902005	0.204042929	0.569039901	0.862074863	0.569039901	0.862074863	NA	abundance	146	13
d__Bacteria;p__Bacillota_A;c__Clostridia;o__Oscillospirales;f__Oscillospiraceae;g__Lawsonibacter;s__Lawsonibacter asaccharolyticus	Group	PD	GroupPD	0.171765487	0.237902005	0.113477104	0.569137603	0.862074863	0.569137603	0.862074863	NA	abundance	146	85
d__Bacteria;p__Pseudomonadota;c__Gammaproteobacteria;o__Burkholderiales;f__Burkholderiaceae;g__Sutterella;s__Sutterella wadsworthensis_A	Group	PD	GroupPD	0.49273226	0.237902005	0.442352647	0.572208834	0.862074863	0.572208834	0.862074863	NA	abundance	146	19
d__Bacteria;p__Bacillota_A;c__Clostridia;o__Christensenellales;f__CAG-138;g__UBA1685;s__UBA1685 sp002320595	Group	PD	GroupPD	-0.092636825	0.237902005	0.57581499	0.573377024	0.862074863	0.573377024	0.862074863	NA	abundance	146	19
d__Bacteria;p__Bacillota_A;c__Clostridia;o__Oscillospirales;f__Ruminococcaceae;g__Porcipelethomonas;s__Porcipelethomonas ammoniilytica	Group	PD	GroupPD	-0.009413031	0.237902005	0.433447874	0.574284381	0.862074863	0.574284381	0.862074863	NA	abundance	146	26
d__Bacteria;p__Bacillota_A;c__Clostridia;o__Oscillospirales;f__Ruminococcaceae;g__Avimicrobium;s__Avimicrobium caecorum	Group	PD	GroupPD	0.3215658	0.237902005	0.145144695	0.574716576	0.862074863	0.574716576	0.862074863	NA	abundance	146	26
d__Bacteria;p__Bacillota_A;c__Clostridia;o__Lachnospirales;f__Lachnospiraceae;g__Coprococcus_A;s__Coprococcus_A catus	Group	PD	GroupPD	0.123530255	0.237902005	0.203823833	0.578544045	0.86456582	0.578544045	0.86456582	NA	abundance	146	51
d__Bacteria;p__Bacillota_A;c__Clostridia;o__Peptostreptococcales;f__Anaerovoracaceae;g__Lentihominibacter;s__Lentihominibacter faecis	Group	PD	GroupPD	0.307753581	0.237902005	0.125125903	0.584460825	0.868568536	0.584460825	0.868568536	NA	abundance	146	71
d__Bacteria;p__Bacillota_A;c__Clostridia;o__Oscillospirales;f__Acutalibacteraceae;g__Acutalibacter;s__Acutalibacter ornithocaccae	Group	PD	GroupPD	0.04893504	0.237902005	0.344190847	0.585576281	0.868568536	0.585576281	0.868568536	NA	abundance	146	49
d__Bacteria;p__Bacillota_A;c__Clostridia;o__Oscillospirales;f__Oscillospiraceae;g__Hominicoprocola;s__Hominicoprocola sp900317525	Group	PD	GroupPD	0.113579368	0.237902005	0.228329809	0.5891999	0.870706519	0.5891999	0.870706519	NA	abundance	146	64
d__Bacteria;p__Bacillota_A;c__Clostridia;o__Lachnospirales;f__Lachnospiraceae;g__Anaerobutyricum;s__Anaerobutyricum hallii	Group	PD	GroupPD	0.346988058	0.237902005	0.204034254	0.595483323	0.876744818	0.595483323	0.876744818	NA	abundance	146	113
d__Bacteria;p__Bacteroidota;c__Bacteroidia;o__Bacteroidales;f__Bacteroidaceae;g__Bacteroides;s__Bacteroides caccae	Group	PD	GroupPD	0.385160298	0.237902005	0.280404632	0.60141375	0.880568902	0.60141375	0.880568902	NA	abundance	146	86
d__Bacteria;p__Bacillota_A;c__Clostridia;o__Oscillospirales;f__Acutalibacteraceae;g__Acutalibacter;s__Acutalibacter timonensis	Group	PD	GroupPD	0.399812978	0.237902005	0.30951472	0.603212832	0.880568902	0.603212832	0.880568902	NA	abundance	146	61
d__Bacteria;p__Bacillota_A;c__Clostridia;o__Oscillospirales;f__Acutalibacteraceae;g__UMGS1264;s__UMGS1264 sp904399395	Group	PD	GroupPD	0.15000667	0.237902005	0.167870143	0.608009732	0.880568902	0.608009732	0.880568902	NA	abundance	146	27
d__Bacteria;p__Bacillota_I;c__Bacilli_A;o__Erysipelotrichales;f__Coprobacillaceae;g__Allocoprobacillus;s__Allocoprobacillus merdigallinarum	Group	PD	GroupPD	0.496145754	0.237902005	0.496009957	0.611193863	0.880568902	0.611193863	0.880568902	NA	abundance	146	15
d__Bacteria;p__Bacillota_A;c__Clostridia;o__Lachnospirales;f__Lachnospiraceae;g__Schaedlerella;s__Schaedlerella hominis	Group	PD	GroupPD	0.135788646	0.237902005	0.195654202	0.611655733	0.880568902	0.611655733	0.880568902	NA	abundance	146	15
d__Bacteria;p__Bacillota_A;c__Clostridia;o__Christensenellales;f__QAND01;g__UMGS1975;s__UMGS1975 sp959600905	Group	PD	GroupPD	0.169973673	0.237902005	0.131614356	0.613821068	0.880568902	0.613821068	0.880568902	NA	abundance	146	33
d__Bacteria;p__Bacillota_A;c__Clostridia;o__TANB77;f__CAG-508;g__CAG-245;s__CAG-245 sp000435175	Group	PD	GroupPD	0.351767756	0.237902005	0.22338425	0.615566433	0.880568902	0.615566433	0.880568902	NA	abundance	146	30
d__Bacteria;p__Bacillota_A;c__Clostridia;o__Lachnospirales;f__Lachnospiraceae;g__Blautia_A;s__Blautia_A sp934424005	Group	PD	GroupPD	0.116665115	0.237902005	0.24043	0.615736149	0.880568902	0.615736149	0.880568902	NA	abundance	146	122
d__Bacteria;p__Bacillota_A;c__Clostridia;o__Oscillospirales;f__Ruminococcaceae;g__Anaerotruncus;s__Anaerotruncus rubiinfantis	Group	PD	GroupPD	0.354794555	0.237902005	0.231887592	0.621816196	0.883540453	0.621816196	0.883540453	NA	abundance	146	19
d__Bacteria;p__Bacillota_A;c__Clostridia;o__Oscillospirales;f__UBA644;g__UBA644;s__UBA644 sp900547165	Group	PD	GroupPD	0.412746715	0.237902005	0.346610134	0.622242775	0.883540453	0.622242775	0.883540453	NA	abundance	146	15
d__Bacteria;p__Bacillota_A;c__Clostridia;o__Christensenellales;f__Aristaeellaceae;g__Alectryocaccomicrobium;s__Alectryocaccomicrobium faecavium	Group	PD	GroupPD	0.102724685	0.237902005	0.276775744	0.631058333	0.890012362	0.631058333	0.890012362	NA	abundance	146	23
d__Bacteria;p__Bacillota_A;c__Clostridia;o__Christensenellales;f__Aristaeellaceae;g__Ventricola;s__Ventricola sp900542445	Group	PD	GroupPD	0.162644616	0.237902005	0.155676564	0.6328264	0.890012362	0.6328264	0.890012362	NA	abundance	146	80
d__Bacteria;p__Bacillota_A;c__Clostridia;o__Oscillospirales;f__Oscillospiraceae;g__HGM13006;s__HGM13006 sp900757695	Group	PD	GroupPD	0.148523899	0.237902005	0.184836785	0.63534087	0.890012362	0.63534087	0.890012362	NA	abundance	146	25
d__Bacteria;p__Bacteroidota;c__Bacteroidia;o__Bacteroidales;f__Coprobacteraceae;g__Coprobacter;s__Coprobacter fastidiosus	Group	PD	GroupPD	0.428188415	0.237902005	0.399412939	0.639929551	0.890012362	0.639929551	0.890012362	NA	abundance	146	19
d__Bacteria;p__Bacillota_A;c__Clostridia;o__Christensenellales;f__Aristaeellaceae;g__Fimadaptatus;s__Fimadaptatus faecigallinarum	Group	PD	GroupPD	0.10397158	0.237902005	0.278386952	0.640499901	0.890012362	0.640499901	0.890012362	NA	abundance	146	13
d__Bacteria;p__Bacillota_A;c__Clostridia;o__Oscillospirales;f__Acutalibacteraceae;g__Ruminococcus_E;s__Ruminococcus_E intestinalis	Group	PD	GroupPD	0.58903134	0.237902005	0.742550449	0.642037479	0.890012362	0.642037479	0.890012362	NA	abundance	146	19
d__Bacteria;p__Bacillota_A;c__Clostridia;o__Christensenellales;f__QAND01;g__QAND01;s__QAND01 sp003150225	Group	PD	GroupPD	0.134596879	0.237902005	0.220874033	0.645180274	0.890012362	0.645180274	0.890012362	NA	abundance	146	25
d__Bacteria;p__Bacillota_C;c__Negativicutes;o__Acidaminococcales;f__Acidaminococcaceae;g__Acidaminococcus;s__Acidaminococcus intestini	Group	PD	GroupPD	0.800471647	0.237902005	1.186592894	0.645412049	0.890012362	0.645412049	0.890012362	NA	abundance	146	12
d__Bacteria;p__Bacillota_A;c__Clostridia;o__Lachnospirales;f__Lachnospiraceae;g__Dorea_D;s__Dorea_D sp000433535	Group	PD	GroupPD	0.40456391	0.237902005	0.363735822	0.64901192	0.890012362	0.64901192	0.890012362	NA	abundance	146	42
d__Bacteria;p__Synergistota;c__Synergistia;o__Synergistales;f__Synergistaceae;g__Cloacibacillus;s__Cloacibacillus evryensis	Group	PD	GroupPD	0.635559485	0.237902005	0.85056182	0.64910676	0.890012362	0.64910676	0.890012362	NA	abundance	146	13
d__Bacteria;p__Bacillota_A;c__Clostridia;o__Oscillospirales;f__Oscillospiraceae;g__Evtepia;s__Evtepia sp004556345	Group	PD	GroupPD	0.138493237	0.237902005	0.216481741	0.653206462	0.892566364	0.653206462	0.892566364	NA	abundance	146	19
d__Bacteria;p__Bacillota_A;c__Clostridia;o__Oscillospirales;f__Ruminococcaceae;g__Angelakisella;s__Angelakisella sp900547385	Group	PD	GroupPD	0.146044628	0.237902005	0.204797715	0.657761371	0.893360939	0.657761371	0.893360939	NA	abundance	146	40
d__Bacteria;p__Bacillota_A;c__Clostridia;o__Lachnospirales;f__Lachnospiraceae;g__Frisingicoccus;s__Frisingicoccus sp900549105	Group	PD	GroupPD	0.427046653	0.237902005	0.427245278	0.664411207	0.893360939	0.664411207	0.893360939	NA	abundance	146	16
d__Bacteria;p__Bacteroidota;c__Bacteroidia;o__Bacteroidales;f__Marinifilaceae;g__Odoribacter;s__Odoribacter splanchnicus	Group	PD	GroupPD	0.286418041	0.237902005	0.109202319	0.664688317	0.893360939	0.664688317	0.893360939	NA	abundance	146	94
d__Bacteria;p__Bacillota_A;c__Clostridia;o__Lachnospirales;f__Lachnospiraceae;g__JAGZHZ01;s__JAGZHZ01 sp018366495	Group	PD	GroupPD	0.422841289	0.237902005	0.41831342	0.664701798	0.893360939	0.664701798	0.893360939	NA	abundance	146	17
d__Bacteria;p__Bacillota_A;c__Clostridia;o__Oscillospirales;f__Ruminococcaceae;g__Negativibacillus;s__Negativibacillus massiliensis	Group	PD	GroupPD	0.05054759	0.237902005	0.426855004	0.664982955	0.893360939	0.664982955	0.893360939	NA	abundance	146	25
d__Bacteria;p__Bacillota_A;c__Clostridia;o__Peptostreptococcales;f__Anaerovoracaceae;g__Emergencia;s__Emergencia timonensis	Group	PD	GroupPD	0.437252855	0.237902005	0.454300032	0.667983631	0.894380767	0.667983631	0.894380767	NA	abundance	146	15
d__Bacteria;p__Bacillota_A;c__Clostridia;o__Lachnospirales;f__Lachnospiraceae;g__Muricoprocola;s__Muricoprocola aceti	Group	PD	GroupPD	0.136890525	0.237902005	0.236767114	0.676525717	0.902788499	0.676525717	0.902788499	NA	abundance	146	17
d__Bacteria;p__Bacillota_A;c__Clostridia;o__Lachnospirales;f__Lachnospiraceae;g__Pararoseburia;s__Pararoseburia lenta	Group	PD	GroupPD	0.076549096	0.237902005	0.386702809	0.682033097	0.907104019	0.682033097	0.907104019	NA	abundance	146	18
d__Bacteria;p__Bacillota_A;c__Clostridia;o__Lachnospirales;f__Lachnospiraceae;g__Roseburia_D;s__Roseburia_D yibonii	Group	PD	GroupPD	0.358765912	0.237902005	0.30067972	0.692781763	0.917671451	0.692781763	0.917671451	NA	abundance	146	20
d__Bacteria;p__Bacillota_A;c__Clostridia;o__Christensenellales;f__Aristaeellaceae;g__Ventricola;s__Ventricola sp900542395	Group	PD	GroupPD	0.132314484	0.237902005	0.268034051	0.695974244	0.917671451	0.695974244	0.917671451	NA	abundance	146	42
d__Bacteria;p__Bacillota_A;c__Clostridia;o__Oscillospirales;f__Acutalibacteraceae;g__Pseudoruminococcus;s__Pseudoruminococcus massiliensis	Group	PD	GroupPD	-0.044944297	0.237902005	0.715927825	0.69687832	0.917671451	0.69687832	0.917671451	NA	abundance	146	23
d__Bacteria;p__Bacteroidota;c__Bacteroidia;o__Bacteroidales;f__Bacteroidaceae;g__Bacteroides;s__Bacteroides zhangwenhongii	Group	PD	GroupPD	0.385511575	0.237902005	0.38323201	0.703759915	0.923684888	0.703759915	0.923684888	NA	abundance	146	23
d__Bacteria;p__Bacillota_I;c__Bacilli_A;o__Erysipelotrichales;f__Coprobacillaceae;g__Thomasclavelia;s__Thomasclavelia spiroformis	Group	PD	GroupPD	0.330032943	0.237902005	0.243119614	0.709189973	0.927518684	0.709189973	0.927518684	NA	abundance	146	21
d__Bacteria;p__Bacillota_A;c__Clostridia;o__Oscillospirales;f__Ruminococcaceae;g__UBA3818;s__UBA3818 sp900557155	Group	PD	GroupPD	0.292833695	0.237902005	0.146911112	0.713315117	0.927518684	0.713315117	0.927518684	NA	abundance	146	37
d__Bacteria;p__Bacillota_A;c__Clostridia;o__Oscillospirales;f__Acutalibacteraceae;g__Ruminococcus_E;s__Ruminococcus_E bromii	Group	PD	GroupPD	0.339297348	0.237902005	0.278687411	0.717316245	0.927518684	0.717316245	0.927518684	NA	abundance	146	92
d__Bacteria;p__Bacteroidota;c__Bacteroidia;o__Bacteroidales;f__Bacteroidaceae;g__Bacteroides;s__Bacteroides eggerthii	Group	PD	GroupPD	0.449736262	0.237902005	0.579396536	0.717712692	0.927518684	0.717712692	0.927518684	NA	abundance	146	27
d__Bacteria;p__Bacillota_A;c__Clostridia;o__Peptostreptococcales;f__Anaerovoracaceae;g__Fimisoma;s__Fimisoma sp000435715	Group	PD	GroupPD	0.089364069	0.237902005	0.40696128	0.718303944	0.927518684	0.718303944	0.927518684	NA	abundance	146	25
d__Bacteria;p__Bacillota_A;c__Clostridia;o__Oscillospirales;f__UMGS1783;g__UMGS1783;s__UMGS1783 sp900555065	Group	PD	GroupPD	0.155456342	0.237902005	0.231063465	0.728101221	0.937136733	0.728101221	0.937136733	NA	abundance	146	13
d__Bacteria;p__Bacillota_I;c__Bacilli_A;o__Erysipelotrichales;f__Erysipelotrichaceae;g__Clostridium_AQ;s__Clostridium_AQ innocuum	Group	PD	GroupPD	0.403465609	0.237902005	0.481920785	0.733220288	0.940690981	0.733220288	0.940690981	NA	abundance	146	34
d__Bacteria;p__Bacillota;c__Bacilli;o__MOL361;f__Turicibacteraceae;g__Turicibacter;s__Turicibacter bilis	Group	PD	GroupPD	0.16592395	0.237902005	0.214119539	0.7397041	0.943276803	0.7397041	0.943276803	NA	abundance	146	33
d__Bacteria;p__Actinomycetota;c__Actinomycetes;o__Actinomycetales;f__Bifidobacteriaceae;g__Bifidobacterium;s__Bifidobacterium animalis_B	Group	PD	GroupPD	0.494673986	0.237902005	0.765616642	0.739964009	0.943276803	0.739964009	0.943276803	NA	abundance	146	27
d__Bacteria;p__Bacillota_I;c__Bacilli_A;o__Erysipelotrichales;f__Coprobacillaceae;g__Faecalibacillus;s__Faecalibacillus intestinalis	Group	PD	GroupPD	0.18002669	0.237902005	0.176950538	0.745916474	0.946177354	0.745916474	0.946177354	NA	abundance	146	87
d__Bacteria;p__Bacillota_A;c__Clostridia;o__Peptostreptococcales;f__Peptostreptococcaceae;g__Terrisporobacter;s__Terrisporobacter sp900557165	Group	PD	GroupPD	0.141404146	0.237902005	0.295758964	0.746982122	0.946177354	0.746982122	0.946177354	NA	abundance	146	26
d__Bacteria;p__Bacillota_I;c__Bacilli_A;o__ML615J-28;f__CAG-313;g__CAG-313;s__CAG-313 sp000433035	Group	PD	GroupPD	0.06025946	0.237902005	0.555832679	0.755126421	0.949549307	0.755126421	0.949549307	NA	abundance	146	13
d__Bacteria;p__Bacillota_A;c__Clostridia;o__Oscillospirales;f__Acutalibacteraceae;g__Fimivicinus;s__Fimivicinus sp900544375	Group	PD	GroupPD	0.079344524	0.237902005	0.509140682	0.75789552	0.949549307	0.75789552	0.949549307	NA	abundance	146	26
d__Bacteria;p__Bacillota_A;c__Clostridia;o__Lachnospirales;f__Lachnospiraceae;g__Mediterraneibacter;s__Mediterraneibacter sp934330165	Group	PD	GroupPD	0.157132842	0.237902005	0.265324689	0.762480428	0.949549307	0.762480428	0.949549307	NA	abundance	146	49
d__Bacteria;p__Bacteroidota;c__Bacteroidia;o__Bacteroidales;f__Bacteroidaceae;g__Phocaeicola;s__Phocaeicola dorei	Group	PD	GroupPD	0.133195017	0.237902005	0.353437816	0.767680022	0.949549307	0.767680022	0.949549307	NA	abundance	146	76
d__Bacteria;p__Bacteroidota;c__Bacteroidia;o__Bacteroidales;f__Bacteroidaceae;g__Bacteroides;s__Bacteroides xylanisolvens	Group	PD	GroupPD	0.139666955	0.237902005	0.333122168	0.76893318	0.949549307	0.76893318	0.949549307	NA	abundance	146	61
d__Bacteria;p__Bacillota_A;c__Clostridia;o__Lachnospirales;f__Lachnospiraceae;g__Blautia_A;s__Blautia_A caecimuris	Group	PD	GroupPD	0.445170028	0.237902005	0.703131246	0.769778331	0.949549307	0.769778331	0.949549307	NA	abundance	146	36
d__Bacteria;p__Bacillota_A;c__Clostridia;o__Lachnospirales;f__Lachnospiraceae;g__Lachnospira;s__Lachnospira pectinoschiza_A	Group	PD	GroupPD	0.152797683	0.237902005	0.29035986	0.770533957	0.949549307	0.770533957	0.949549307	NA	abundance	146	58
d__Bacteria;p__Bacillota_A;c__Clostridia;o__Lachnospirales;f__Lachnospiraceae;g__UBA11774;s__UBA11774 sp003507655	Group	PD	GroupPD	0.290235098	0.237902005	0.180819125	0.774067871	0.949549307	0.774067871	0.949549307	NA	abundance	146	109
d__Bacteria;p__Bacillota_A;c__Clostridia;o__TANB77;f__CAG-508;g__Merdicola;s__Merdicola sp018371855	Group	PD	GroupPD	0.481172129	0.237902005	0.840759162	0.776178218	0.949549307	0.776178218	0.949549307	NA	abundance	146	17
d__Bacteria;p__Bacteroidota;c__Bacteroidia;o__Bacteroidales;f__Tannerellaceae;g__Parabacteroides;s__Parabacteroides segnis	Group	PD	GroupPD	0.334556577	0.237902005	0.335465	0.776180541	0.949549307	0.776180541	0.949549307	NA	abundance	146	25
d__Bacteria;p__Bacillota_A;c__Clostridia;o__Lachnospirales;f__Lachnospiraceae;g__Butyribacter;s__Butyribacter sp000436755	Group	PD	GroupPD	0.16040191	0.237902005	0.268585161	0.777161624	0.949549307	0.777161624	0.949549307	NA	abundance	146	17
d__Bacteria;p__Bacillota_A;c__Clostridia;o__Peptostreptococcales;f__Anaerovoracaceae;g__UMGS973;s__UMGS973 sp900547295	Group	PD	GroupPD	0.315902405	0.237902005	0.272834371	0.778202064	0.949549307	0.778202064	0.949549307	NA	abundance	146	23
d__Bacteria;p__Bacillota_A;c__Clostridia;o__TANB77;f__CAG-508;g__CAG-273;s__CAG-273 sp000438355	Group	PD	GroupPD	0.1800935	0.237902005	0.205803882	0.781256471	0.950369915	0.781256471	0.950369915	NA	abundance	146	40
d__Bacteria;p__Bacillota_A;c__Clostridia;o__Oscillospirales;f__Oscillospiraceae;g__CAG-170;s__CAG-170 sp900545925	Group	PD	GroupPD	0.16985653	0.237902005	0.24879579	0.786954751	0.954391932	0.786954751	0.954391932	NA	abundance	146	26
d__Bacteria;p__Bacillota_A;c__Clostridia;o__Oscillospirales;f__Ruminococcaceae;g__Ruminococcus_C;s__Ruminococcus_C callidus	Group	PD	GroupPD	0.408280584	0.237902005	0.631900908	0.790410226	0.954587922	0.790410226	0.954587922	NA	abundance	146	20
d__Bacteria;p__Bacteroidota;c__Bacteroidia;o__Bacteroidales;f__Bacteroidaceae;g__Bacteroides;s__Bacteroides uniformis	Group	PD	GroupPD	0.299952434	0.237902005	0.235721482	0.793226614	0.954587922	0.793226614	0.954587922	NA	abundance	146	137
d__Bacteria;p__Actinomycetota;c__Coriobacteriia;o__Coriobacteriales;f__QAMH01;g__QAMH01;s__QAMH01 sp900544245	Group	PD	GroupPD	0.160625075	0.237902005	0.293793576	0.794402994	0.954587922	0.794402994	0.954587922	NA	abundance	146	33
d__Bacteria;p__Bacillota_A;c__Clostridia;o__Lachnospirales;f__Lachnospiraceae;g__Hominifimenecus;s__Hominifimenecus microfluidus	Group	PD	GroupPD	0.289879084	0.237902005	0.198184964	0.79668616	0.954587922	0.79668616	0.954587922	NA	abundance	146	23
d__Bacteria;p__Bacillota_A;c__Clostridia;o__Lachnospirales;f__Lachnospiraceae;g__Blautia_A;s__Blautia_A fusiformis	Group	PD	GroupPD	0.170874338	0.237902005	0.27372631	0.807102655	0.956304359	0.807102655	0.956304359	NA	abundance	146	122
d__Bacteria;p__Bacillota_A;c__Clostridia;o__Lachnospirales;f__Lachnospiraceae;g__Blautia_A;s__Blautia_A sp003474435	Group	PD	GroupPD	0.115357907	0.237902005	0.497080883	0.808319803	0.956304359	0.808319803	0.956304359	NA	abundance	146	18
d__Bacteria;p__Bacillota_A;c__Clostridia;o__Oscillospirales;f__Acutalibacteraceae;g__CAG-217;s__	Group	PD	GroupPD	0.150776945	0.237902005	0.365176202	0.812361494	0.956304359	0.812361494	0.956304359	NA	abundance	146	44
d__Bacteria;p__Bacillota_A;c__Clostridia;o__Lachnospirales;f__Lachnospiraceae;g__Blautia_A;s__Blautia_A luti	Group	PD	GroupPD	0.281747827	0.237902005	0.184004562	0.814272871	0.956304359	0.814272871	0.956304359	NA	abundance	146	37
d__Bacteria;p__Bacillota_A;c__Clostridia;o__Oscillospirales;f__Oscillospiraceae;g__Scatomorpha;s__Scatomorpha merdavium	Group	PD	GroupPD	0.109513281	0.237902005	0.538562393	0.815505336	0.956304359	0.815505336	0.956304359	NA	abundance	146	14
d__Bacteria;p__Bacillota_A;c__Clostridia;o__Oscillospirales;f__Oscillospiraceae;g__Dysosmobacter;s__Dysosmobacter segnis	Group	PD	GroupPD	0.182211911	0.237902005	0.243035682	0.819506653	0.956304359	0.819506653	0.956304359	NA	abundance	146	77
d__Bacteria;p__Pseudomonadota;c__Alphaproteobacteria;o__RF32;f__CAG-239;g__Scatacola_A;s__Scatacola_A faecigallinarum	Group	PD	GroupPD	0.12498721	0.237902005	0.50395242	0.824305134	0.956304359	0.824305134	0.956304359	NA	abundance	146	26
d__Bacteria;p__Bacillota_A;c__Clostridia;o__Oscillospirales;f__Ruminococcaceae;g__Gemmiger;s__Gemmiger sp900540775	Group	PD	GroupPD	0.347862904	0.237902005	0.495131881	0.825628815	0.956304359	0.825628815	0.956304359	NA	abundance	146	33
d__Bacteria;p__Bacillota_A;c__Clostridia;o__Oscillospirales;f__Acutalibacteraceae;g__Hominenteromicrobium;s__Hominenteromicrobium mulieris	Group	PD	GroupPD	0.287017903	0.237902005	0.22219704	0.825855495	0.956304359	0.825855495	0.956304359	NA	abundance	146	112
d__Bacteria;p__Bacteroidota;c__Bacteroidia;o__Bacteroidales;f__Rikenellaceae;g__Alistipes_A;s__Alistipes_A hominis	Group	PD	GroupPD	0.190394226	0.237902005	0.214649149	0.826820247	0.956304359	0.826820247	0.956304359	NA	abundance	146	36
d__Bacteria;p__Bacillota_C;c__Negativicutes;o__Veillonellales;f__Dialisteraceae;g__Dialister;s__Dialister invisus	Group	PD	GroupPD	0.331753672	0.237902005	0.432328831	0.82916974	0.956304359	0.82916974	0.956304359	NA	abundance	146	43
d__Bacteria;p__Bacillota_A;c__Clostridia;o__Oscillospirales;f__Acutalibacteraceae;g__Avimonas_A;s__Avimonas_A narfia	Group	PD	GroupPD	0.162955387	0.237902005	0.340150878	0.829499552	0.956304359	0.829499552	0.956304359	NA	abundance	146	13
d__Bacteria;p__Bacillota_A;c__Clostridia;o__Lachnospirales;f__CAG-274;g__CAG-274;s__CAG-274 sp900545305	Group	PD	GroupPD	0.299495716	0.237902005	0.281175871	0.829763509	0.956304359	0.829763509	0.956304359	NA	abundance	146	17
d__Bacteria;p__Bacillota_I;c__Bacilli_A;o__Erysipelotrichales;f__Coprobacillaceae;g__Coprobacillus;s__Coprobacillus cateniformis	Group	PD	GroupPD	0.32135053	0.237902005	0.385041289	0.831673214	0.956304359	0.831673214	0.956304359	NA	abundance	146	15
d__Bacteria;p__Bacillota_A;c__Clostridia;o__Oscillospirales;f__Oscillospiraceae;g__Pseudoflavonifractor;s__Pseudoflavonifractor faecis	Group	PD	GroupPD	0.267330994	0.237902005	0.140704387	0.83904447	0.958768917	0.83904447	0.958768917	NA	abundance	146	17
d__Bacteria;p__Bacillota_A;c__Clostridia;o__Oscillospirales;f__Acutalibacteraceae;g__UMGS1623;s__UMGS1623 sp934647945	Group	PD	GroupPD	0.270056412	0.237902005	0.155838134	0.839154065	0.958768917	0.839154065	0.958768917	NA	abundance	146	36
d__Bacteria;p__Bacillota_A;c__Clostridia;o__Oscillospirales;f__Oscillospiraceae;g__Intestinimonas;s__Intestinimonas butyriciproducens	Group	PD	GroupPD	0.171498554	0.237902005	0.326733441	0.841025366	0.958768917	0.841025366	0.958768917	NA	abundance	146	21
d__Bacteria;p__Bacillota_A;c__Clostridia;o__Lachnospirales;f__Lachnospiraceae;g__Eubacterium_G;s__Eubacterium_G segne	Group	PD	GroupPD	0.265456293	0.237902005	0.140600383	0.847792672	0.962863263	0.847792672	0.962863263	NA	abundance	146	27
d__Bacteria;p__Bacillota_A;c__Clostridia;o__Oscillospirales;f__Ruminococcaceae;g__Ruminococcus_C;s__Ruminococcus_C sp000980705	Group	PD	GroupPD	0.114299206	0.237902005	0.643113588	0.850475093	0.962863263	0.850475093	0.962863263	NA	abundance	146	15
d__Bacteria;p__Bacillota_A;c__Clostridia;o__Clostridiales;f__Clostridiaceae;g__Clostridium;s__Clostridium sp900540255	Group	PD	GroupPD	0.360412253	0.237902005	0.646422633	0.85185647	0.962863263	0.85185647	0.962863263	NA	abundance	146	19
d__Bacteria;p__Bacillota_A;c__Clostridia;o__Lachnospirales;f__Lachnospiraceae;g__Blautia_A;s__Blautia_A schinkii_B	Group	PD	GroupPD	0.36401875	0.237902005	0.688707179	0.856807011	0.964054855	0.856807011	0.964054855	NA	abundance	146	19
d__Bacteria;p__Bacillota_A;c__Clostridia;o__Lachnospirales;f__Lachnospiraceae;g__Pseudolachnospira;s__Pseudolachnospira sp022867805	Group	PD	GroupPD	0.195693247	0.237902005	0.233092018	0.857743042	0.964054855	0.857743042	0.964054855	NA	abundance	146	36
d__Bacteria;p__Verrucomicrobiota;c__Verrucomicrobiae;o__Verrucomicrobiales;f__Akkermansiaceae;g__Akkermansia;s__Akkermansia biwaensis	Group	PD	GroupPD	0.405700573	0.237902005	0.962019237	0.863309961	0.965067022	0.863309961	0.965067022	NA	abundance	146	20
d__Bacteria;p__Bacillota_A;c__Clostridia;o__Lachnospirales;f__Lachnospiraceae;g__Clostridium_AP;s__Clostridium_AP scindens	Group	PD	GroupPD	0.324782841	0.237902005	0.500477174	0.86348102	0.965067022	0.86348102	0.965067022	NA	abundance	146	27
d__Bacteria;p__Bacillota_A;c__Clostridia;o__Lachnospirales;f__Lachnospiraceae;g__Coprococcus;s__Coprococcus ammoniilyticus	Group	PD	GroupPD	-0.003702865	0.237902005	1.401088528	0.865991175	0.965168935	0.865991175	0.965168935	NA	abundance	146	14
d__Bacteria;p__Bacillota_A;c__Clostridia;o__Christensenellales;f__Aristaeellaceae;g__UBA11524;s__UBA11524 sp000437595	Group	PD	GroupPD	0.310301294	0.237902005	0.450859036	0.872928091	0.968224433	0.872928091	0.968224433	NA	abundance	146	56
d__Bacteria;p__Bacillota_A;c__Clostridia;o__Oscillospirales;f__Butyricicoccaceae;g__Butyricicoccus_A;s__Butyricicoccus_A intestinisimiae	Group	PD	GroupPD	0.164228202	0.237902005	0.464616363	0.876640188	0.968224433	0.876640188	0.968224433	NA	abundance	146	14
d__Bacteria;p__Bacillota_A;c__Clostridia;o__Lachnospirales;f__Lachnospiraceae;g__Acetatifactor;s__Acetatifactor intestinalis	Group	PD	GroupPD	0.186457085	0.237902005	0.333729106	0.878151617	0.968224433	0.878151617	0.968224433	NA	abundance	146	50
d__Bacteria;p__Bacillota_A;c__Clostridia;o__Lachnospirales;f__Lachnospiraceae;g__Mediterraneibacter;s__Mediterraneibacter sp900541505	Group	PD	GroupPD	0.285558261	0.237902005	0.307023732	0.87843921	0.968224433	0.87843921	0.968224433	NA	abundance	146	22
d__Bacteria;p__Pseudomonadota;c__Gammaproteobacteria;o__Burkholderiales;f__Burkholderiaceae;g__Parasutterella;s__Parasutterella gallistercoris	Group	PD	GroupPD	0.201933014	0.237902005	0.254635426	0.889563297	0.975392044	0.889563297	0.975392044	NA	abundance	146	18
d__Bacteria;p__Bacillota_A;c__Clostridia;o__Oscillospirales;f__Oscillospiraceae;g__Faecousia;s__Faecousia sp000434635	Group	PD	GroupPD	0.275778665	0.237902005	0.271680877	0.889970902	0.975392044	0.889970902	0.975392044	NA	abundance	146	51
d__Bacteria;p__Bacillota_A;c__Clostridia;o__Oscillospirales;f__Ruminococcaceae;g__CAG-115;s__CAG-115 sp003531585	Group	PD	GroupPD	0.303038056	0.237902005	0.474354054	0.89227593	0.975392044	0.89227593	0.975392044	NA	abundance	146	20
d__Bacteria;p__Bacillota_A;c__Clostridia;o__Peptostreptococcales;f__Anaerovoracaceae;g__Lentihominibacter;s__Lentihominibacter excrementipullorum	Group	PD	GroupPD	0.213739097	0.237902005	0.188008706	0.899074341	0.978456283	0.899074341	0.978456283	NA	abundance	146	30
d__Bacteria;p__Bacillota_A;c__Clostridia;o__Oscillospirales;f__Oscillospiraceae;g__CAG-170;s__CAG-170 sp900553545	Group	PD	GroupPD	0.276864591	0.237902005	0.304514555	0.899983599	0.978456283	0.899983599	0.978456283	NA	abundance	146	17
d__Bacteria;p__Bacillota_A;c__Clostridia;o__Oscillospirales;f__Oscillospiraceae;g__Lawsonibacter_A;s__Lawsonibacter_A hominis	Group	PD	GroupPD	0.209663054	0.237902005	0.232971988	0.904532361	0.980729381	0.904532361	0.980729381	NA	abundance	146	31
d__Bacteria;p__Bacteroidota;c__Bacteroidia;o__Bacteroidales;f__Rikenellaceae;g__Alistipes_A;s__Alistipes_A indistinctus	Group	PD	GroupPD	0.215906355	0.237902005	0.186723845	0.907085992	0.980832821	0.907085992	0.980832821	NA	abundance	146	51
d__Bacteria;p__Bacillota_A;c__Clostridia;o__Christensenellales;f__CAG-138;g__PeH17;s__PeH17 sp000435055	Group	PD	GroupPD	0.283918157	0.237902005	0.413383096	0.911804973	0.983270768	0.911804973	0.983270768	NA	abundance	146	52
d__Bacteria;p__Bacteroidota;c__Bacteroidia;o__Bacteroidales;f__Bacteroidaceae;g__Bacteroides;s__Bacteroides stercoris	Group	PD	GroupPD	0.183507272	0.237902005	0.53771799	0.919770955	0.986441318	0.919770955	0.986441318	NA	abundance	146	49
d__Bacteria;p__Bacillota_A;c__Clostridia;o__Christensenellales;f__Aristaeellaceae;g__Egerieenecus;s__Egerieenecus merdigallinarum	Group	PD	GroupPD	0.266027108	0.237902005	0.28275119	0.92134734	0.986441318	0.92134734	0.986441318	NA	abundance	146	37
d__Bacteria;p__Bacillota_A;c__Clostridia;o__Oscillospirales;f__Ruminococcaceae;g__Harryflintia;s__Harryflintia acetispora	Group	PD	GroupPD	0.255776502	0.237902005	0.1846482	0.924462476	0.986441318	0.924462476	0.986441318	NA	abundance	146	18
d__Bacteria;p__Bacillota_A;c__Clostridia;o__Lachnospirales;f__Lachnospiraceae;g__Brotaphodocola;s__	Group	PD	GroupPD	0.297464625	0.237902005	0.620586822	0.924634218	0.986441318	0.924634218	0.986441318	NA	abundance	146	18
d__Bacteria;p__Bacillota_A;c__Clostridia;o__Oscillospirales;f__Oscillospiraceae;g__Faecousia;s__Faecousia sp958436045	Group	PD	GroupPD	0.251761627	0.237902005	0.16333782	0.933529859	0.992963947	0.933529859	0.992963947	NA	abundance	146	30
d__Bacteria;p__Bacillota_A;c__Clostridia;o__Lachnospirales;f__Lachnospiraceae;g__Enterocloster;s__Enterocloster sp900541315	Group	PD	GroupPD	0.221869322	0.237902005	0.198522676	0.936406255	0.992963947	0.936406255	0.992963947	NA	abundance	146	35
d__Bacteria;p__Actinomycetota;c__Coriobacteriia;o__Coriobacteriales;f__Eggerthellaceae;g__Gordonibacter;s__Gordonibacter urolithinfaciens	Group	PD	GroupPD	0.256245024	0.237902005	0.232791877	0.938214055	0.992963947	0.938214055	0.992963947	NA	abundance	146	20
d__Bacteria;p__Bacillota_A;c__Clostridia;o__Oscillospirales;f__Ruminococcaceae;g__Negativibacillus;s__Negativibacillus faecipullorum	Group	PD	GroupPD	0.266837561	0.237902005	0.419324144	0.945821761	0.996074543	0.945821761	0.996074543	NA	abundance	146	17
d__Bacteria;p__Bacillota_A;c__Clostridia;o__Lachnospirales;f__Lachnospiraceae;g__CAJJNI01;s__CAJJNI01 sp905193085	Group	PD	GroupPD	0.256131917	0.237902005	0.271025653	0.947336319	0.996074543	0.947336319	0.996074543	NA	abundance	146	16
d__Bacteria;p__Bacillota_A;c__Clostridia;o__Christensenellales;f__UBA1750;g__Spyradocola;s__Spyradocola merdavium	Group	PD	GroupPD	0.227767869	0.237902005	0.157957782	0.949582039	0.996074543	0.949582039	0.996074543	NA	abundance	146	38
d__Bacteria;p__Bacillota_A;c__Clostridia;o__Oscillospirales;f__Oscillospiraceae;g__Enterenecus;s__Enterenecus sp900549885	Group	PD	GroupPD	0.250127482	0.237902005	0.206994247	0.953448522	0.996074543	0.953448522	0.996074543	NA	abundance	146	34
d__Bacteria;p__Bacillota_A;c__Clostridia;o__Oscillospirales;f__Acutalibacteraceae;g__CAKTXU01;s__CAKTXU01 sp934615635	Group	PD	GroupPD	0.22889464	0.237902005	0.157532018	0.955535015	0.996074543	0.955535015	0.996074543	NA	abundance	146	17
d__Bacteria;p__Bacillota_A;c__Clostridia;o__Oscillospirales;f__Oscillospiraceae;g__Faecousia;s__Faecousia sp003525905	Group	PD	GroupPD	0.226506081	0.237902005	0.224116527	0.959684454	0.996074543	0.959684454	0.996074543	NA	abundance	146	85
d__Bacteria;p__Bacillota_A;c__Clostridia;o__Christensenellales;f__Aristaeellaceae;g__Egerieenecus;s__Egerieenecus sp900553315	Group	PD	GroupPD	0.225273855	0.237902005	0.246631787	0.959934932	0.996074543	0.959934932	0.996074543	NA	abundance	146	18
d__Archaea;p__Methanobacteriota;c__Methanobacteria;o__Methanobacteriales;f__Methanobacteriaceae;g__Methanobrevibacter_A;s__Methanobrevibacter_A smithii	Group	PD	GroupPD	0.221050349	0.237902005	0.361022923	0.962954812	0.996074543	0.962954812	0.996074543	NA	abundance	146	55
d__Bacteria;p__Bacillota_A;c__Clostridia;o__Oscillospirales;f__Oscillospiraceae;g__Hominicoprocola;s__Hominicoprocola sp003522105	Group	PD	GroupPD	0.260495532	0.237902005	0.520855676	0.965985869	0.996074543	0.965985869	0.996074543	NA	abundance	146	16
d__Bacteria;p__Bacillota_A;c__Clostridia;o__Lachnospirales;f__Lachnospiraceae;g__Eisenbergiella;s__Eisenbergiella porci	Group	PD	GroupPD	0.250460828	0.237902005	0.379720114	0.973992452	0.996074543	0.973992452	0.996074543	NA	abundance	146	19
d__Bacteria;p__Bacteroidota;c__Bacteroidia;o__Bacteroidales;f__Rikenellaceae;g__Alistipes;s__Alistipes dispar	Group	PD	GroupPD	0.252071748	0.237902005	0.437806575	0.974508786	0.996074543	0.974508786	0.996074543	NA	abundance	146	20
d__Bacteria;p__Bacillota_A;c__Clostridia;o__Lachnospirales;f__Lachnospiraceae;g__Mediterraneibacter;s__Mediterraneibacter torques	Group	PD	GroupPD	0.230369486	0.237902005	0.244410608	0.97551255	0.996074543	0.97551255	0.996074543	NA	abundance	146	113
d__Bacteria;p__Bacillota_A;c__Clostridia;o__Oscillospirales;f__Acutalibacteraceae;g__Eubacterium_R;s__Eubacterium_R sp000436835	Group	PD	GroupPD	0.227780578	0.237902005	0.324130201	0.975609493	0.996074543	0.975609493	0.996074543	NA	abundance	146	14
d__Bacteria;p__Bacillota_G;c__DTU025;o__DTUO25;f__HGM14224;g__HGM14224;s__HGM14224 sp900761905	Group	PD	GroupPD	0.244941386	0.237902005	0.230870383	0.976103124	0.996074543	0.976103124	0.996074543	NA	abundance	146	19
d__Bacteria;p__Bacillota_A;c__Clostridia;o__Oscillospirales;f__Oscillospiraceae;g__Dysosmobacter;s__Dysosmobacter welbionis	Group	PD	GroupPD	0.240906001	0.237902005	0.146526316	0.983887555	0.997062453	0.983887555	0.997062453	NA	abundance	146	99
d__Bacteria;p__Bacillota_A;c__Clostridia;o__Lachnospirales;f__Lachnospiraceae;g__Scatomonas;s__Scatomonas hejianensis	Group	PD	GroupPD	0.234546569	0.237902005	0.165183881	0.984043509	0.997062453	0.984043509	0.997062453	NA	abundance	146	26
d__Bacteria;p__Bacillota_A;c__Clostridia;o__Lachnospirales;f__Lachnospiraceae;g__Eubacterium_I;s__Eubacterium_I ramulus_A	Group	PD	GroupPD	0.231721415	0.237902005	0.315214536	0.984567936	0.997062453	0.984567936	0.997062453	NA	abundance	146	19
d__Bacteria;p__Bacillota_A;c__Clostridia;o__Lachnospirales;f__Lachnospiraceae;g__Eubacterium_I;s__Eubacterium_I ramulus	Group	PD	GroupPD	0.240552251	0.237902005	0.166028378	0.987395521	0.997394463	0.987395521	0.997394463	NA	abundance	146	77
d__Bacteria;p__Bacillota_A;c__Clostridia;o__Oscillospirales;f__Acutalibacteraceae;g__Anaeromassilibacillus;s__Anaeromassilibacillus stercoravium	Group	PD	GroupPD	0.235825139	0.237902005	0.250806788	0.993468702	1	0.993468702	1	NA	abundance	146	26
d__Bacteria;p__Bacteroidota;c__Bacteroidia;o__Bacteroidales;f__Bacteroidaceae;g__Bacteroides;s__Bacteroides sp900557355	Group	PD	GroupPD	0.240700699	0.237902005	0.588859825	0.996249967	1	0.996249967	1	NA	abundance	146	23
d__Bacteria;p__Bacillota_A;c__Clostridia;o__Lachnospirales;f__Lachnospiraceae;g__Lachnospira;s__Lachnospira eligens	Group	PD	GroupPD	0.238249286	0.237902005	0.223586731	0.998768585	1	0.998768585	1	NA	abundance	146	90
d__Bacteria;p__Bacillota_A;c__Clostridia;o__Oscillospirales;f__Oscillospiraceae;g__CAG-170;s__CAG-170 sp000432135	Group	PD	GroupPD	0.237902005	0.237902005	0.263500967	1	1	1	1	NA	abundance	146	68
d__Bacteria;p__Bacillota;c__Bacilli;o__Lactobacillales;f__Streptococcaceae;g__Streptococcus;s__Streptococcus mutans	Group	PD	GroupPD	NA	NA	NA	NA	NA	NA	NA	No data points have the baseline factor level	abundance	146	24
d__Bacteria;p__Bacillota_A;c__Clostridia;o__Oscillospirales;f__Ruminococcaceae;g__Ruthenibacterium;s__	Group	PD	GroupPD	NA	NA	NA	NA	NA	NA	NA	No data points have the baseline factor level	abundance	146	14