feature	metadata	value	coef	stderr	N	N.not.0	pval	qval
d__Bacteria.p__Bacillota_A.c__Clostridia.o__Monoglobales.f__Monoglobaceae.g__Monoglobus.s__Monoglobus.pectinilyticus	Group_and_sex	PD_Male	-0.816435267	0.24891869	100	44	0.001438403	0.513509713
d__Bacteria.p__Actinomycetota.c__Coriobacteriia.o__Coriobacteriales.f__Eggerthellaceae.g__Eggerthella.s__Eggerthella.lenta	Group_and_sex	PD_Male	-0.705013138	0.23361095	100	47	0.003243799	0.579018149
d__Bacteria.p__Bacillota_A.c__Clostridia.o__Lachnospirales.f__Lachnospiraceae.g__Roseburia.s__Roseburia.intestinalis	Group_and_sex	PD_Male	0.708553825	0.284641314	100	47	0.014484527	0.946983427
d__Bacteria.p__Bacillota_A.c__Clostridia.o__Lachnospirales.f__Lachnospiraceae.g__Ventrisoma.s__Ventrisoma.faecale	Group_and_sex	PD_Male	-0.384990102	0.16440703	100	15	0.021220917	0.946983427
d__Bacteria.p__Bacillota_A.c__Clostridia.o__Oscillospirales.f__Acutalibacteraceae.g__Avimonas_A.s__Avimonas_A.narfia	Group_and_sex	PD_Male	-0.241638273	0.101893936	100	11	0.019672586	0.946983427
d__Bacteria.p__Bacillota_A.c__Clostridia.o__Oscillospirales.f__Acutalibacteraceae.g__Clostridium_A.s__Clostridium_A.leptum	Group_and_sex	PD_Male	-0.704319981	0.282211363	100	47	0.014240306	0.946983427
d__Bacteria.p__Bacillota_A.c__Clostridia.o__Oscillospirales.f__Ruminococcaceae.g__Ruminiclostridium_E.s__Ruminiclostridium_E.siraeum	Group_and_sex	PD_Male	0.998892078	0.378173528	100	51	0.009611467	0.946983427
d__Bacteria.p__Bacillota_A.c__Clostridia.o__Peptostreptococcales.f__Anaerovoracaceae.g__Emergencia.s__Emergencia.timonensis	Group_and_sex	PD_Male	-0.262365964	0.110678025	100	14	0.019719641	0.946983427
d__Bacteria.p__Actinomycetota.c__Actinomycetes.o__Actinomycetales.f__Bifidobacteriaceae.g__Bifidobacterium.s__Bifidobacterium.animalis_B	Group_and_sex	PD_Male	-0.722219509	0.316449736	100	20	0.024636218	0.952716673
d__Bacteria.p__Actinomycetota.c__Coriobacteriia.o__Coriobacteriales.f__Eggerthellaceae.g__Adlercreutzia.s__Adlercreutzia.equolifaciens	Group_and_sex	PD_Male	0.449755313	0.245769545	100	82	0.070291589	0.952716673
d__Bacteria.p__Actinomycetota.c__Coriobacteriia.o__Coriobacteriales.f__Eggerthellaceae.g__Anaerotardibacter.s__Anaerotardibacter.sp000435675	Group_and_sex	PD_Male	0.41859797	0.333925225	100	35	0.212981412	0.952716673
d__Bacteria.p__Actinomycetota.c__Coriobacteriia.o__Coriobacteriales.f__Eggerthellaceae.g__Gordonibacter.s__Gordonibacter.urolithinfaciens	Group_and_sex	PD_Male	-0.180281543	0.145395687	100	12	0.217959353	0.952716673
d__Bacteria.p__Actinomycetota.c__Coriobacteriia.o__Coriobacteriales.f__QAMH01.g__QAMH01.s__QAMH01.sp900544245	Group_and_sex	PD_Male	-0.277239215	0.220047985	100	21	0.210696262	0.952716673
d__Bacteria.p__Actinomycetota.c__Coriobacteriia.o__Coriobacteriales.f__UMGS124.g__JAHZGC01.s__JAHZGC01.sp019421015	Group_and_sex	PD_Male	-0.205929199	0.133461184	100	16	0.126056407	0.952716673
d__Bacteria.p__Bacillota.c__Bacilli.o__Lactobacillales.f__Streptococcaceae.g__Lactococcus.s__Lactococcus.lactis	Group_and_sex	PD_Male	-0.311953037	0.254584698	100	33	0.223383603	0.952716673
d__Bacteria.p__Bacillota.c__Bacilli.o__Lactobacillales.f__Streptococcaceae.g__Streptococcus.s__Streptococcus.thermophilus	Group_and_sex	PD_Male	-0.419187363	0.34223153	100	55	0.223562146	0.952716673
d__Bacteria.p__Bacillota_A.c__Clostridia.o__Christensenellales.f__Aristaeellaceae.g__Pullichristensenella.s__Pullichristensenella.stercoripullorum	Group_and_sex	PD_Male	0.268819622	0.19519543	100	37	0.171593543	0.952716673
d__Bacteria.p__Bacillota_A.c__Clostridia.o__Christensenellales.f__Aristaeellaceae.g__Ventricola.s__Ventricola.sp900542395	Group_and_sex	PD_Male	0.292021154	0.242227641	100	29	0.230888075	0.952716673
d__Bacteria.p__Bacillota_A.c__Clostridia.o__Christensenellales.f__CAG.138.g__UBA1685.s__UBA1685.sp002320595	Group_and_sex	PD_Male	0.243205625	0.167589345	100	12	0.149917835	0.952716673
d__Bacteria.p__Bacillota_A.c__Clostridia.o__Clostridiales.f__Clostridiaceae.g__Clostridium.s__Clostridium.saudiense	Group_and_sex	PD_Male	0.207937533	0.170423219	100	20	0.225345694	0.952716673
d__Bacteria.p__Bacillota_A.c__Clostridia.o__Lachnospirales.f__Lachnospiraceae.g__AF33.28.s__AF33.28.sp003477885	Group_and_sex	PD_Male	0.160720521	0.132705327	100	14	0.2287664	0.952716673
d__Bacteria.p__Bacillota_A.c__Clostridia.o__Lachnospirales.f__Lachnospiraceae.g__Agathobacter.s__Agathobacter.faecis	Group_and_sex	PD_Male	0.622229216	0.437193305	100	61	0.157843557	0.952716673
d__Bacteria.p__Bacillota_A.c__Clostridia.o__Lachnospirales.f__Lachnospiraceae.g__Anaerostipes.s__Anaerostipes.caccae	Group_and_sex	PD_Male	-0.241385165	0.161439334	100	11	0.138073815	0.952716673
d__Bacteria.p__Bacillota_A.c__Clostridia.o__Lachnospirales.f__Lachnospiraceae.g__Anthropogastromicrobium.s__Anthropogastromicrobium.sp934292725	Group_and_sex	PD_Male	0.627146234	0.386728643	100	53	0.108087089	0.952716673
d__Bacteria.p__Bacillota_A.c__Clostridia.o__Lachnospirales.f__Lachnospiraceae.g__Blautia.s__Blautia.sp000432195	Group_and_sex	PD_Male	0.231848092	0.193804717	100	11	0.234466789	0.952716673
d__Bacteria.p__Bacillota_A.c__Clostridia.o__Lachnospirales.f__Lachnospiraceae.g__Blautia.s__Blautia.stercoris	Group_and_sex	PD_Male	0.450816706	0.24916945	100	19	0.073473684	0.952716673
d__Bacteria.p__Bacillota_A.c__Clostridia.o__Lachnospirales.f__Lachnospiraceae.g__Blautia_A.s__Blautia_A.acetigignens	Group_and_sex	PD_Male	0.355134351	0.210013738	100	32	0.094013862	0.952716673
d__Bacteria.p__Bacillota_A.c__Clostridia.o__Lachnospirales.f__Lachnospiraceae.g__Blautia_A.s__Blautia_A.ammoniilytica	Group_and_sex	PD_Male	-0.471414041	0.223059206	100	40	0.037106065	0.952716673
d__Bacteria.p__Bacillota_A.c__Clostridia.o__Lachnospirales.f__Lachnospiraceae.g__Blautia_A.s__Blautia_A.faecis	Group_and_sex	PD_Male	-0.470860674	0.271942938	100	95	0.086515051	0.952716673
d__Bacteria.p__Bacillota_A.c__Clostridia.o__Lachnospirales.f__Lachnospiraceae.g__Blautia_A.s__Blautia_A.sp000436615	Group_and_sex	PD_Male	0.383746758	0.304536497	100	24	0.210625282	0.952716673
d__Bacteria.p__Bacillota_A.c__Clostridia.o__Lachnospirales.f__Lachnospiraceae.g__Blautia_A.s__Blautia_A.sp900551715	Group_and_sex	PD_Male	0.149222397	0.111556894	100	12	0.184111515	0.952716673
d__Bacteria.p__Bacillota_A.c__Clostridia.o__Lachnospirales.f__Lachnospiraceae.g__Blautia_A.s__Blautia_A.sp934424005	Group_and_sex	PD_Male	0.721076228	0.346154256	100	80	0.039844869	0.952716673
d__Bacteria.p__Bacillota_A.c__Clostridia.o__Lachnospirales.f__Lachnospiraceae.g__Dorea_A.s__Dorea_A.longicatena	Group_and_sex	PD_Male	0.457064181	0.382982761	100	62	0.235581042	0.952716673
d__Bacteria.p__Bacillota_A.c__Clostridia.o__Lachnospirales.f__Lachnospiraceae.g__Dorea_D.s__Dorea_D.sp000433535	Group_and_sex	PD_Male	-0.453428484	0.260518843	100	28	0.084913171	0.952716673
d__Bacteria.p__Bacillota_A.c__Clostridia.o__Lachnospirales.f__Lachnospiraceae.g__Eisenbergiella.s__Eisenbergiella.porci	Group_and_sex	PD_Male	-0.277538779	0.144065689	100	16	0.056942473	0.952716673
d__Bacteria.p__Bacillota_A.c__Clostridia.o__Lachnospirales.f__Lachnospiraceae.g__Eubacterium_F.s__Eubacterium_F.sp003491505	Group_and_sex	PD_Male	0.536558503	0.301813478	100	49	0.07854151	0.952716673
d__Bacteria.p__Bacillota_A.c__Clostridia.o__Lachnospirales.f__Lachnospiraceae.g__Eubacterium_F.s__Eubacterium_F.sp900539115	Group_and_sex	PD_Male	0.188766605	0.154940665	100	18	0.226029028	0.952716673
d__Bacteria.p__Bacillota_A.c__Clostridia.o__Lachnospirales.f__Lachnospiraceae.g__Eubacterium_G.s__Eubacterium_G.sp000434315	Group_and_sex	PD_Male	0.28664156	0.176733392	100	20	0.108040573	0.952716673
d__Bacteria.p__Bacillota_A.c__Clostridia.o__Lachnospirales.f__Lachnospiraceae.g__Faecalimonas.s__Faecalimonas.sp029983955	Group_and_sex	PD_Male	-0.384640207	0.22499756	100	18	0.090517454	0.952716673
d__Bacteria.p__Bacillota_A.c__Clostridia.o__Lachnospirales.f__Lachnospiraceae.g__Frisingicoccus.s__Frisingicoccus.sp900757195	Group_and_sex	PD_Male	0.306997479	0.19449889	100	16	0.117695788	0.952716673
d__Bacteria.p__Bacillota_A.c__Clostridia.o__Lachnospirales.f__Lachnospiraceae.g__Lachnoclostridium_B.s__Lachnoclostridium_B.ammoniilytica	Group_and_sex	PD_Male	-0.339662698	0.210926921	100	55	0.110541538	0.952716673
d__Bacteria.p__Bacillota_A.c__Clostridia.o__Lachnospirales.f__Lachnospiraceae.g__Limivivens.s__Limivivens.faecihominis	Group_and_sex	PD_Male	-0.259540407	0.175009491	100	44	0.141281253	0.952716673
d__Bacteria.p__Bacillota_A.c__Clostridia.o__Lachnospirales.f__Lachnospiraceae.g__Limivivens.s__Limivivens.sp905214955	Group_and_sex	PD_Male	0.255382537	0.171630902	100	33	0.139968181	0.952716673
d__Bacteria.p__Bacillota_A.c__Clostridia.o__Lachnospirales.f__Lachnospiraceae.g__Mediterraneibacter.s__Mediterraneibacter.sp900541505	Group_and_sex	PD_Male	-0.325408841	0.15033851	100	19	0.032854412	0.952716673
d__Bacteria.p__Bacillota_A.c__Clostridia.o__Lachnospirales.f__Lachnospiraceae.g__Muricomes.s__Muricomes.sp000509105	Group_and_sex	PD_Male	-0.190178629	0.114756835	100	11	0.100670808	0.952716673
d__Bacteria.p__Bacillota_A.c__Clostridia.o__Lachnospirales.f__Lachnospiraceae.g__Pseudolachnospira.s__Pseudolachnospira.sp022867805	Group_and_sex	PD_Male	0.371941536	0.203461449	100	24	0.07058155	0.952716673
d__Bacteria.p__Bacillota_A.c__Clostridia.o__Lachnospirales.f__Lachnospiraceae.g__Roseburia.s__Roseburia.hominis	Group_and_sex	PD_Male	-0.413043946	0.267977642	100	67	0.12645764	0.952716673
d__Bacteria.p__Bacillota_A.c__Clostridia.o__Lachnospirales.f__Lachnospiraceae.g__Roseburia_C.s__Roseburia_C.amylophila	Group_and_sex	PD_Male	0.449705793	0.327299063	100	30	0.172579127	0.952716673
d__Bacteria.p__Bacillota_A.c__Clostridia.o__Lachnospirales.f__Lachnospiraceae.g__Sellimonas.s__Sellimonas.intestinalis	Group_and_sex	PD_Male	-0.352931454	0.241029936	100	26	0.146322352	0.952716673
d__Bacteria.p__Bacillota_A.c__Clostridia.o__Oscillospirales.f__Acutalibacteraceae.g__CAG.217.s__	Group_and_sex	PD_Male	-0.44181472	0.356778909	100	28	0.218547059	0.952716673
d__Bacteria.p__Bacillota_A.c__Clostridia.o__Oscillospirales.f__Acutalibacteraceae.g__Hominenteromicrobium.s__Hominenteromicrobium.sp900549945	Group_and_sex	PD_Male	-0.341781542	0.167847771	100	12	0.044422271	0.952716673
d__Bacteria.p__Bacillota_A.c__Clostridia.o__Oscillospirales.f__Acutalibacteraceae.g__UMGS856.s__UMGS856.sp900546265	Group_and_sex	PD_Male	-0.188463723	0.126533741	100	12	0.139584277	0.952716673
d__Bacteria.p__Bacillota_A.c__Clostridia.o__Oscillospirales.f__Acutalibacteraceae.g__UMGS1071.s__UMGS1071.sp900542375	Group_and_sex	PD_Male	-0.299198497	0.231016327	100	41	0.198314708	0.952716673
d__Bacteria.p__Bacillota_A.c__Clostridia.o__Oscillospirales.f__Acutalibacteraceae.g__UMGS1623.s__UMGS1623.sp934647945	Group_and_sex	PD_Male	-0.217079602	0.158205388	100	28	0.173153214	0.952716673
d__Bacteria.p__Bacillota_A.c__Clostridia.o__Oscillospirales.f__Oscillospiraceae.g__CAG.103.s__CAG.103.sp900317855	Group_and_sex	PD_Male	-0.683237663	0.343721659	100	24	0.049627961	0.952716673
d__Bacteria.p__Bacillota_A.c__Clostridia.o__Oscillospirales.f__Oscillospiraceae.g__CAG.103.s__CAG.103.sp905215475	Group_and_sex	PD_Male	0.626338891	0.325570436	100	32	0.057278762	0.952716673
d__Bacteria.p__Bacillota_A.c__Clostridia.o__Oscillospirales.f__Oscillospiraceae.g__Dysosmobacter.s__Dysosmobacter.segnis	Group_and_sex	PD_Male	0.402215651	0.294943369	100	49	0.175784818	0.952716673
d__Bacteria.p__Bacillota_A.c__Clostridia.o__Oscillospirales.f__Oscillospiraceae.g__Faecousia.s__Faecousia.sp000434635	Group_and_sex	PD_Male	-0.473982797	0.303233344	100	30	0.121253621	0.952716673
d__Bacteria.p__Bacillota_A.c__Clostridia.o__Oscillospirales.f__Oscillospiraceae.g__Faecousia.s__Faecousia.sp000435995	Group_and_sex	PD_Male	-0.541372439	0.249977958	100	30	0.032762	0.952716673
d__Bacteria.p__Bacillota_A.c__Clostridia.o__Oscillospirales.f__Oscillospiraceae.g__Faecousia.s__Faecousia.sp003525905	Group_and_sex	PD_Male	-0.330347859	0.265961294	100	58	0.217167608	0.952716673
d__Bacteria.p__Bacillota_A.c__Clostridia.o__Oscillospirales.f__Oscillospiraceae.g__Intestinimonas.s__Intestinimonas.butyriciproducens	Group_and_sex	PD_Male	0.179250957	0.14565873	100	17	0.221409546	0.952716673
d__Bacteria.p__Bacillota_A.c__Clostridia.o__Oscillospirales.f__Oscillospiraceae.g__Lawsonibacter.s__Lawsonibacter.aceti	Group_and_sex	PD_Male	0.140173733	0.097391694	100	11	0.15325825	0.952716673
d__Bacteria.p__Bacillota_A.c__Clostridia.o__Oscillospirales.f__Oscillospiraceae.g__Pseudoflavonifractor.s__Pseudoflavonifractor.faecis	Group_and_sex	PD_Male	-0.204371152	0.092517205	100	13	0.029503758	0.952716673
d__Bacteria.p__Bacillota_A.c__Clostridia.o__Oscillospirales.f__Ruminococcaceae.g__Anaerotruncus.s__Anaerotruncus.rubiinfantis	Group_and_sex	PD_Male	0.203345302	0.119917968	100	16	0.093116922	0.952716673
d__Bacteria.p__Bacillota_A.c__Clostridia.o__Oscillospirales.f__Ruminococcaceae.g__Faecalibacterium.s__Faecalibacterium.sp905215595	Group_and_sex	PD_Male	0.694761037	0.387812691	100	67	0.076301986	0.952716673
d__Bacteria.p__Bacillota_A.c__Clostridia.o__Oscillospirales.f__Ruminococcaceae.g__Gemmiger.s__Gemmiger.sp900539695	Group_and_sex	PD_Male	0.254899319	0.212310447	100	36	0.232801499	0.952716673
d__Bacteria.p__Bacillota_A.c__Clostridia.o__Oscillospirales.f__Ruminococcaceae.g__Porcipelethomonas.s__Porcipelethomonas.sp900538575	Group_and_sex	PD_Male	0.408261988	0.279556367	100	13	0.147380829	0.952716673
d__Bacteria.p__Bacillota_A.c__Clostridia.o__Oscillospirales.f__Ruminococcaceae.g__Ruthenibacterium.s__Ruthenibacterium.merdipullorum	Group_and_sex	PD_Male	-0.227552464	0.151135425	100	11	0.1353813	0.952716673
d__Bacteria.p__Bacillota_A.c__Clostridia.o__Peptostreptococcales.f__Anaerovoracaceae.g__Alangreenwoodia.s__Alangreenwoodia.sp905206455	Group_and_sex	PD_Male	0.180063045	0.15003059	100	30	0.232964413	0.952716673
d__Bacteria.p__Bacillota_A.c__Clostridia.o__Peptostreptococcales.f__Anaerovoracaceae.g__Fimisoma.s__Fimisoma.sp000435715	Group_and_sex	PD_Male	-0.341300554	0.20104904	100	18	0.092757081	0.952716673
d__Bacteria.p__Bacillota_A.c__Clostridia.o__TANB77.f__CAG.508.g__CAG.245.s__CAG.245.sp000435175	Group_and_sex	PD_Male	-0.196947637	0.161630466	100	18	0.225957107	0.952716673
d__Bacteria.p__Bacillota_A.c__Clostridia.o__TANB77.f__CAG.508.g__CAG.273.s__CAG.273.sp003534295	Group_and_sex	PD_Male	-0.383581039	0.257660854	100	13	0.139776061	0.952716673
d__Bacteria.p__Bacillota_A.c__Clostridia.o__TANB77.f__CAG.508.g__Merdicola.s__Merdicola.sp018371855	Group_and_sex	PD_Male	-0.329034935	0.265536424	100	13	0.218255751	0.952716673
d__Bacteria.p__Bacillota_I.c__Bacilli_A.o__Erysipelotrichales.f__Coprobacillaceae.g__Faecalibacillus.s__Faecalibacillus.faecis	Group_and_sex	PD_Male	-0.221429032	0.17706242	100	22	0.214068903	0.952716673
d__Bacteria.p__Bacillota_I.c__Bacilli_A.o__Erysipelotrichales.f__Erysipelotrichaceae.g__Holdemanella.s__Holdemanella.porci	Group_and_sex	PD_Male	0.342517873	0.204714798	100	14	0.097487801	0.952716673
d__Bacteria.p__Bacillota_I.c__Bacilli_A.o__Erysipelotrichales.f__Erysipelotrichaceae.g__Merdibacter.s__Merdibacter.merdipullorum	Group_and_sex	PD_Male	-0.202636415	0.133622891	100	14	0.132617214	0.952716673
d__Bacteria.p__Bacteroidota.c__Bacteroidia.o__Bacteroidales.f__Bacteroidaceae.g__Bacteroides.s__Bacteroides.cellulosilyticus	Group_and_sex	PD_Male	0.506355781	0.378781412	100	48	0.184382329	0.952716673
d__Bacteria.p__Bacteroidota.c__Bacteroidia.o__Bacteroidales.f__Bacteroidaceae.g__Bacteroides.s__Bacteroides.faecis	Group_and_sex	PD_Male	-0.271283831	0.193742823	100	14	0.164603557	0.952716673
d__Bacteria.p__Bacteroidota.c__Bacteroidia.o__Bacteroidales.f__Bacteroidaceae.g__Bacteroides.s__Bacteroides.salyersiae	Group_and_sex	PD_Male	0.225336525	0.127297049	100	12	0.079809869	0.952716673
d__Bacteria.p__Bacteroidota.c__Bacteroidia.o__Bacteroidales.f__Bacteroidaceae.g__Bacteroides.s__Bacteroides.zhangwenhongii	Group_and_sex	PD_Male	0.264911585	0.170263363	100	13	0.122957166	0.952716673
d__Bacteria.p__Bacteroidota.c__Bacteroidia.o__Bacteroidales.f__Bacteroidaceae.g__Paraprevotella.s__Paraprevotella.clara	Group_and_sex	PD_Male	0.229837384	0.155457363	100	12	0.142491893	0.952716673
d__Bacteria.p__Bacteroidota.c__Bacteroidia.o__Bacteroidales.f__Marinifilaceae.g__Odoribacter.s__Odoribacter.laneus	Group_and_sex	PD_Male	-0.290169779	0.208907276	100	14	0.167984672	0.952716673
d__Bacteria.p__Bacteroidota.c__Bacteroidia.o__Bacteroidales.f__Rikenellaceae.g__Alistipes.s__Alistipes.onderdonkii	Group_and_sex	PD_Male	-0.591094607	0.386063509	100	77	0.128971072	0.952716673
d__Bacteria.p__Bacteroidota.c__Bacteroidia.o__Bacteroidales.f__Rikenellaceae.g__Alistipes.s__Alistipes.putredinis	Group_and_sex	PD_Male	0.52662032	0.433481878	100	77	0.227338014	0.952716673
d__Bacteria.p__Bacteroidota.c__Bacteroidia.o__Bacteroidales.f__Rikenellaceae.g__Alistipes.s__Alistipes.senegalensis	Group_and_sex	PD_Male	0.220321226	0.140327969	100	21	0.119627909	0.952716673
d__Bacteria.p__Bacteroidota.c__Bacteroidia.o__Bacteroidales.f__Tannerellaceae.g__Parabacteroides.s__Parabacteroides.segnis	Group_and_sex	PD_Male	-0.197917152	0.165601207	100	17	0.23491531	0.952716673
d__Bacteria.p__Desulfobacterota.c__Desulfovibrionia.o__Desulfovibrionales.f__Desulfovibrionaceae.g__Bilophila.s__Bilophila.wadsworthia	Group_and_sex	PD_Male	0.293605976	0.242658989	100	62	0.229207404	0.952716673
d__Bacteria.p__Desulfobacterota.c__Desulfovibrionia.o__Desulfovibrionales.f__Desulfovibrionaceae.g__Desulfovibrio.s__Desulfovibrio.sp018379785	Group_and_sex	PD_Male	0.180023179	0.151472014	100	17	0.237512	0.952716673
d__Bacteria.p__Pseudomonadota.c__Gammaproteobacteria.o__Burkholderiales.f__Burkholderiaceae.g__Sutterella.s__Sutterella.wadsworthensis_A	Group_and_sex	PD_Male	0.205216143	0.166902845	100	14	0.221807792	0.952716673
d__Bacteria.p__Bacillota_A.c__Clostridia.o__Lachnospirales.f__Lachnospiraceae.g__Coprococcus_A.s__Coprococcus_A.catus_A	Group_and_sex	PD_Male	-0.334788899	0.283752525	100	59	0.240911146	0.955614211
d__Bacteria.p__Bacillota_A.c__Clostridia.o__Christensenellales.f__Aristaeellaceae.g__Limiplasma.s__Limiplasma.pullistercoris	Group_and_sex	PD_Male	-0.119753071	0.105074489	100	11	0.257190547	0.968125047
d__Bacteria.p__Bacillota_A.c__Clostridia.o__Lachnospirales.f__Lachnospiraceae.g__Coprococcus.s__Coprococcus.ammoniilyticus	Group_and_sex	PD_Male	-0.326775166	0.28645501	100	12	0.256751723	0.968125047
d__Bacteria.p__Bacillota_A.c__Clostridia.o__Oscillospirales.f__Oscillospiraceae.g__UMGS1766.s__UMGS1766.sp959602365	Group_and_sex	PD_Male	-0.188106528	0.163432126	100	19	0.252542468	0.968125047
d__Bacteria.p__Bacillota_A.c__Clostridia.o__Oscillospirales.f__Ruminococcaceae.g__Negativibacillus.s__Negativibacillus.sp000435195	Group_and_sex	PD_Male	0.2728896	0.234320924	100	30	0.247009064	0.968125047
d__Bacteria.p__Bacteroidota.c__Bacteroidia.o__Bacteroidales.f__Coprobacteraceae.g__Coprobacter.s__Coprobacter.fastidiosus	Group_and_sex	PD_Male	0.180867473	0.158843553	100	11	0.257624312	0.968125047
d__Bacteria.p__Bacillota_A.c__Clostridia.o__Christensenellales.f__Aristaeellaceae.g__Alectryocaccomicrobium.s__Alectryocaccomicrobium.faecavium	Group_and_sex	PD_Male	0.132900071	0.14722512	100	14	0.36889872	0.968359139
d__Bacteria.p__Bacillota_A.c__Clostridia.o__Christensenellales.f__Aristaeellaceae.g__Egerieenecus.s__Egerieenecus.merdigallinarum	Group_and_sex	PD_Male	0.234580192	0.223750667	100	27	0.297033083	0.968359139
d__Bacteria.p__Bacillota_A.c__Clostridia.o__Christensenellales.f__Aristaeellaceae.g__Pullichristensenella.s__Pullichristensenella.sp946496415	Group_and_sex	PD_Male	0.16372522	0.161874128	100	26	0.314298828	0.968359139
d__Bacteria.p__Bacillota_A.c__Clostridia.o__Christensenellales.f__CAG.138.g__Phil1.s__Phil1.sp001940855	Group_and_sex	PD_Male	-0.170205653	0.178076588	100	13	0.341524995	0.968359139
d__Bacteria.p__Bacillota_A.c__Clostridia.o__Christensenellales.f__QAND01.g__QAND01.s__QAND01.sp003150225	Group_and_sex	PD_Male	-0.156757338	0.172739036	100	19	0.366378742	0.968359139
d__Bacteria.p__Bacillota_A.c__Clostridia.o__Eubacteriales.f__Eubacteriaceae.g__Eubacterium.s__Eubacterium.callanderi	Group_and_sex	PD_Male	-0.221626587	0.214830476	100	11	0.304782527	0.968359139
d__Bacteria.p__Bacillota_A.c__Clostridia.o__Lachnospirales.f__Lachnospiraceae.g__Agathobacter.s__Agathobacter.rectalis	Group_and_sex	PD_Male	-0.461568789	0.468441593	100	70	0.326889253	0.968359139
d__Bacteria.p__Bacillota_A.c__Clostridia.o__Lachnospirales.f__Lachnospiraceae.g__Blautia_A.s__Blautia_A.luti	Group_and_sex	PD_Male	-0.168140763	0.151944877	100	22	0.271179954	0.968359139
d__Bacteria.p__Bacillota_A.c__Clostridia.o__Lachnospirales.f__Lachnospiraceae.g__Coprococcus_A.s__Coprococcus_A.catus	Group_and_sex	PD_Male	0.192101842	0.206819931	100	34	0.35525615	0.968359139
d__Bacteria.p__Bacillota_A.c__Clostridia.o__Lachnospirales.f__Lachnospiraceae.g__Eubacterium_F.s__Eubacterium_F.sp000433735	Group_and_sex	PD_Male	0.174851738	0.165471476	100	19	0.293251873	0.968359139
d__Bacteria.p__Bacillota_A.c__Clostridia.o__Lachnospirales.f__Lachnospiraceae.g__Eubacterium_I.s__Eubacterium_I.ramulus	Group_and_sex	PD_Male	0.273231286	0.264360073	100	45	0.303887004	0.968359139
d__Bacteria.p__Bacillota_A.c__Clostridia.o__Lachnospirales.f__Lachnospiraceae.g__Fusicatenibacter.s__Fusicatenibacter.saccharivorans	Group_and_sex	PD_Male	-0.366688837	0.380851177	100	87	0.338010621	0.968359139
d__Bacteria.p__Bacillota_A.c__Clostridia.o__Lachnospirales.f__Lachnospiraceae.g__Hungatella.s__Hungatella.effluvii	Group_and_sex	PD_Male	-0.203722526	0.188556023	100	13	0.282600273	0.968359139
d__Bacteria.p__Bacillota_A.c__Clostridia.o__Lachnospirales.f__Lachnospiraceae.g__Mediterraneibacter.s__Mediterraneibacter.faecis	Group_and_sex	PD_Male	0.329973282	0.358161707	100	72	0.359157882	0.968359139
d__Bacteria.p__Bacillota_A.c__Clostridia.o__Lachnospirales.f__Lachnospiraceae.g__Mediterraneibacter.s__Mediterraneibacter.sp934330165	Group_and_sex	PD_Male	0.226257914	0.250142199	100	30	0.367939475	0.968359139
d__Bacteria.p__Bacillota_A.c__Clostridia.o__Lachnospirales.f__Lachnospiraceae.g__Mediterraneibacter_A.s__Mediterraneibacter_A.butyricigenes	Group_and_sex	PD_Male	0.132275596	0.13942359	100	18	0.345090746	0.968359139
d__Bacteria.p__Bacillota_A.c__Clostridia.o__Lachnospirales.f__Lachnospiraceae.g__Scatomonas.s__Scatomonas.merdavium	Group_and_sex	PD_Male	0.137905115	0.146811478	100	17	0.349868397	0.968359139
d__Bacteria.p__Bacillota_A.c__Clostridia.o__Lachnospirales.f__Lachnospiraceae.g__Schaedlerella.s__Schaedlerella.glycyrrhizinilytica_A	Group_and_sex	PD_Male	0.188773643	0.20611691	100	32	0.361990003	0.968359139
d__Bacteria.p__Bacillota_A.c__Clostridia.o__Oscillospirales.f__Butyricicoccaceae.g__Agathobaculum.s__Agathobaculum.butyriciproducens	Group_and_sex	PD_Male	0.224847054	0.237767395	100	67	0.346647969	0.968359139
d__Bacteria.p__Bacillota_A.c__Clostridia.o__Oscillospirales.f__Oscillospiraceae.g__CAG.103.s__CAG.103.sp000432375	Group_and_sex	PD_Male	0.410575671	0.397546044	100	32	0.304251124	0.968359139
d__Bacteria.p__Bacillota_A.c__Clostridia.o__Oscillospirales.f__Oscillospiraceae.g__CAG.170.s__CAG.170.sp900553545	Group_and_sex	PD_Male	0.119574531	0.124849093	100	12	0.340544414	0.968359139
d__Bacteria.p__Bacillota_A.c__Clostridia.o__Oscillospirales.f__Oscillospiraceae.g__Enterenecus.s__Enterenecus.sp900549885	Group_and_sex	PD_Male	-0.157614005	0.16209201	100	26	0.333258631	0.968359139
d__Bacteria.p__Bacillota_A.c__Clostridia.o__Oscillospirales.f__Oscillospiraceae.g__Flavonifractor.s__Flavonifractor.plautii	Group_and_sex	PD_Male	-0.275155096	0.279085317	100	47	0.326601518	0.968359139
d__Bacteria.p__Bacillota_A.c__Clostridia.o__Oscillospirales.f__Oscillospiraceae.g__Lawsonibacter.s__Lawsonibacter.asaccharolyticus	Group_and_sex	PD_Male	0.215358893	0.20920918	100	54	0.305828025	0.968359139
d__Bacteria.p__Bacillota_A.c__Clostridia.o__Oscillospirales.f__Oscillospiraceae.g__Onthomonas.s__Onthomonas.sp003150485	Group_and_sex	PD_Male	-0.18824595	0.206499729	100	23	0.364214262	0.968359139
d__Bacteria.p__Bacillota_A.c__Clostridia.o__Oscillospirales.f__Oscillospiraceae.g__UBA738.s__UBA738.sp003522945	Group_and_sex	PD_Male	0.222727273	0.236006844	100	29	0.34762732	0.968359139
d__Bacteria.p__Bacillota_A.c__Clostridia.o__Oscillospirales.f__Oscillospiraceae.g__Vescimonas.s__Vescimonas.coprocola	Group_and_sex	PD_Male	0.204848571	0.226524639	100	35	0.368048562	0.968359139
d__Bacteria.p__Bacillota_A.c__Clostridia.o__Oscillospirales.f__Ruminococcaceae.g__Anaerotruncus.s__Anaerotruncus.massiliensis	Group_and_sex	PD_Male	0.175261907	0.162971367	100	14	0.284829339	0.968359139
d__Bacteria.p__Bacillota_A.c__Clostridia.o__Oscillospirales.f__Ruminococcaceae.g__Faecalibacterium.s__Faecalibacterium.prausnitzii_I	Group_and_sex	PD_Male	0.227106137	0.211592042	100	37	0.285763018	0.968359139
d__Bacteria.p__Bacillota_A.c__Clostridia.o__Oscillospirales.f__Ruminococcaceae.g__Faecalibacterium.s__Faecalibacterium.sp934514285	Group_and_sex	PD_Male	0.340637067	0.342672711	100	55	0.322642028	0.968359139
d__Bacteria.p__Bacillota_A.c__Clostridia.o__Oscillospirales.f__Ruminococcaceae.g__Ruthenibacterium.s__Ruthenibacterium.lactatiformans	Group_and_sex	PD_Male	-0.240108992	0.256792687	100	83	0.352070889	0.968359139
d__Bacteria.p__Bacillota_A.c__Clostridia.o__Peptostreptococcales.f__Anaerovoracaceae.g__Fimisoma.s__Fimisoma.avicola	Group_and_sex	PD_Male	-0.125910945	0.131794144	100	12	0.341746046	0.968359139
d__Bacteria.p__Bacillota_A.c__Clostridia.o__Peptostreptococcales.f__Peptostreptococcaceae.g__Intestinibacter.s__Intestinibacter.bartlettii	Group_and_sex	PD_Male	0.284968806	0.276618584	100	39	0.305458172	0.968359139
d__Bacteria.p__Bacillota_A.c__Clostridia.o__TANB77.f__CAG.508.g__CAG.269.s__CAG.269.sp003525075	Group_and_sex	PD_Male	-0.160344623	0.151533261	100	17	0.292589228	0.968359139
d__Bacteria.p__Bacillota_A.c__Clostridia.o__UBA1381.f__UBA1381.g__Hominilimicola.s__Hominilimicola.fabiformis	Group_and_sex	PD_Male	0.252934138	0.268804013	100	73	0.349038437	0.968359139
d__Bacteria.p__Bacillota_I.c__Bacilli_A.o__Erysipelotrichales.f__Coprobacillaceae.g__Faecalibacillus.s__Faecalibacillus.intestinalis	Group_and_sex	PD_Male	0.288227226	0.282586669	100	52	0.310258571	0.968359139
d__Bacteria.p__Bacillota_I.c__Bacilli_A.o__RF39.f__UBA660.g__CAG.302.s__CAG.302.sp934162325	Group_and_sex	PD_Male	-0.292936234	0.268934791	100	16	0.278716549	0.968359139
d__Bacteria.p__Bacteroidota.c__Bacteroidia.o__Bacteroidales.f__Bacteroidaceae.g__Bacteroides.s__Bacteroides.clarus	Group_and_sex	PD_Male	-0.233379598	0.209211494	100	15	0.267355616	0.968359139
d__Bacteria.p__Bacteroidota.c__Bacteroidia.o__Bacteroidales.f__Bacteroidaceae.g__Bacteroides.s__Bacteroides.xylanisolvens	Group_and_sex	PD_Male	-0.326315386	0.315025923	100	37	0.302827607	0.968359139
d__Bacteria.p__Bacteroidota.c__Bacteroidia.o__Bacteroidales.f__Rikenellaceae.g__Alistipes.s__Alistipes.dispar	Group_and_sex	PD_Male	-0.143255759	0.150576135	100	11	0.343749901	0.968359139
d__Bacteria.p__Pseudomonadota.c__Gammaproteobacteria.o__Enterobacterales.f__Enterobacteriaceae.g__Escherichia.s__Escherichia.coli_F	Group_and_sex	PD_Male	0.508967878	0.449728977	100	45	0.260513301	0.968359139
d__Bacteria.p__Actinomycetota.c__Actinomycetes.o__Actinomycetales.f__Bifidobacteriaceae.g__Bifidobacterium.s__Bifidobacterium.dentium	Group_and_sex	PD_Male	0.125691706	0.1826783	100	11	0.493047046	0.976129806
d__Bacteria.p__Actinomycetota.c__Coriobacteriia.o__Coriobacteriales.f__Eggerthellaceae.g__Gordonibacter.s__Gordonibacter.pamelaeae	Group_and_sex	PD_Male	-0.145116073	0.163551784	100	27	0.377101042	0.976129806
d__Bacteria.p__Bacillota_A.c__Clostridia.o__Christensenellales.f__Aristaeellaceae.g__Limiplasma.s__Limiplasma.sp900548145	Group_and_sex	PD_Male	-0.125040226	0.151335429	100	11	0.410671875	0.976129806
d__Bacteria.p__Bacillota_A.c__Clostridia.o__Christensenellales.f__Aristaeellaceae.g__UBA11524.s__UBA11524.sp000437595	Group_and_sex	PD_Male	0.267010821	0.389206808	100	36	0.494308749	0.976129806
d__Bacteria.p__Bacillota_A.c__Clostridia.o__Christensenellales.f__Aristaeellaceae.g__Ventricola.s__Ventricola.sp900542445	Group_and_sex	PD_Male	0.202745018	0.267211404	100	46	0.449826789	0.976129806
d__Bacteria.p__Bacillota_A.c__Clostridia.o__Christensenellales.f__CAG.314.g__CAG.314.s__CAG.314.sp000437915	Group_and_sex	PD_Male	0.17054947	0.205508718	100	22	0.408618453	0.976129806
d__Bacteria.p__Bacillota_A.c__Clostridia.o__Lachnospirales.f__Lachnospiraceae.g__Acetatifactor.s__Acetatifactor.intestinalis	Group_and_sex	PD_Male	0.219596685	0.304754033	100	30	0.472889273	0.976129806
d__Bacteria.p__Bacillota_A.c__Clostridia.o__Lachnospirales.f__Lachnospiraceae.g__Anaerostipes.s__Anaerostipes.amylophilus	Group_and_sex	PD_Male	0.187842319	0.276093822	100	27	0.497882747	0.976129806
d__Bacteria.p__Bacillota_A.c__Clostridia.o__Lachnospirales.f__Lachnospiraceae.g__Blautia.s__Blautia.celeris	Group_and_sex	PD_Male	-0.139416735	0.182282434	100	22	0.446205231	0.976129806
d__Bacteria.p__Bacillota_A.c__Clostridia.o__Lachnospirales.f__Lachnospiraceae.g__Blautia_A.s__Blautia_A.hydrogenotrophica	Group_and_sex	PD_Male	-0.170563439	0.217950332	100	21	0.435761072	0.976129806
d__Bacteria.p__Bacillota_A.c__Clostridia.o__Lachnospirales.f__Lachnospiraceae.g__Blautia_A.s__Blautia_A.intestinalis	Group_and_sex	PD_Male	0.252987807	0.307008241	100	53	0.411916499	0.976129806
d__Bacteria.p__Bacillota_A.c__Clostridia.o__Lachnospirales.f__Lachnospiraceae.g__Blautia_A.s__Blautia_A.schinkii_B	Group_and_sex	PD_Male	0.142883167	0.210243451	100	13	0.498354734	0.976129806
d__Bacteria.p__Bacillota_A.c__Clostridia.o__Lachnospirales.f__Lachnospiraceae.g__Blautia_A.s__Blautia_A.sp900066205	Group_and_sex	PD_Male	0.192321488	0.290094983	100	30	0.508912256	0.976129806
d__Bacteria.p__Bacillota_A.c__Clostridia.o__Lachnospirales.f__Lachnospiraceae.g__Blautia_A.s__Blautia_A.wexlerae_B	Group_and_sex	PD_Male	0.289248989	0.402423298	100	92	0.47399419	0.976129806
d__Bacteria.p__Bacillota_A.c__Clostridia.o__Lachnospirales.f__Lachnospiraceae.g__Butyribacter.s__Butyribacter.sp003529475	Group_and_sex	PD_Male	0.238849951	0.284959251	100	41	0.403963794	0.976129806
d__Bacteria.p__Bacillota_A.c__Clostridia.o__Lachnospirales.f__Lachnospiraceae.g__Dorea_A.s__Dorea_A.amylophila	Group_and_sex	PD_Male	0.17601817	0.256154785	100	41	0.493607687	0.976129806
d__Bacteria.p__Bacillota_A.c__Clostridia.o__Lachnospirales.f__Lachnospiraceae.g__Dorea_D.s__Dorea_D.hominis	Group_and_sex	PD_Male	0.162223642	0.196731263	100	29	0.411604031	0.976129806
d__Bacteria.p__Bacillota_A.c__Clostridia.o__Lachnospirales.f__Lachnospiraceae.g__Enterocloster.s__Enterocloster.sp001517625	Group_and_sex	PD_Male	0.178928233	0.267941393	100	14	0.505838095	0.976129806
d__Bacteria.p__Bacillota_A.c__Clostridia.o__Lachnospirales.f__Lachnospiraceae.g__Enterocloster.s__Enterocloster.sp900541315	Group_and_sex	PD_Male	0.136358131	0.163155796	100	16	0.405326292	0.976129806
d__Bacteria.p__Bacillota_A.c__Clostridia.o__Lachnospirales.f__Lachnospiraceae.g__Lachnospira.s__Lachnospira.pectinoschiza_A	Group_and_sex	PD_Male	0.176652099	0.265672066	100	34	0.507659965	0.976129806
d__Bacteria.p__Bacillota_A.c__Clostridia.o__Lachnospirales.f__Lachnospiraceae.g__Lachnospira.s__Lachnospira.sp000437735	Group_and_sex	PD_Male	-0.117441301	0.177637236	100	21	0.510080282	0.976129806
d__Bacteria.p__Bacillota_A.c__Clostridia.o__Lachnospirales.f__Lachnospiraceae.g__Massilistercora.s__Massilistercora.sp902406105	Group_and_sex	PD_Male	-0.086178015	0.10673824	100	11	0.421404514	0.976129806
d__Bacteria.p__Bacillota_A.c__Clostridia.o__Lachnospirales.f__Lachnospiraceae.g__Mediterraneibacter.s__Mediterraneibacter.torques	Group_and_sex	PD_Male	-0.237254612	0.341366846	100	82	0.48869139	0.976129806
d__Bacteria.p__Bacillota_A.c__Clostridia.o__Lachnospirales.f__Lachnospiraceae.g__Otoolea.s__Otoolea.symbiosa	Group_and_sex	PD_Male	-0.06812483	0.105191495	100	11	0.518740678	0.976129806
d__Bacteria.p__Bacillota_A.c__Clostridia.o__Lachnospirales.f__Lachnospiraceae.g__Roseburia.s__Roseburia.inulinivorans	Group_and_sex	PD_Male	0.168054774	0.259916623	100	47	0.519420497	0.976129806
d__Bacteria.p__Bacillota_A.c__Clostridia.o__Lachnospirales.f__Lachnospiraceae.g__Scatomonas.s__Scatomonas.hejianensis	Group_and_sex	PD_Male	-0.13383178	0.16212393	100	20	0.411098114	0.976129806
d__Bacteria.p__Bacillota_A.c__Clostridia.o__Lachnospirales.f__Lachnospiraceae.g__UBA4285.s__UBA4285.sp900545225	Group_and_sex	PD_Male	0.10650067	0.152727719	100	16	0.487251204	0.976129806
d__Bacteria.p__Bacillota_A.c__Clostridia.o__Lachnospirales.f__Lachnospiraceae.g__UBA11774.s__UBA11774.sp003507655	Group_and_sex	PD_Male	0.227369962	0.301088098	100	73	0.45196353	0.976129806
d__Bacteria.p__Bacillota_A.c__Clostridia.o__Lachnospirales.f__Lachnospiraceae.g__V9D3004.s__V9D3004.sp900760345	Group_and_sex	PD_Male	0.156370109	0.206164001	100	21	0.449987318	0.976129806
d__Bacteria.p__Bacillota_A.c__Clostridia.o__Oscillospirales.f__Acutalibacteraceae.g__Acutalibacter.s__Acutalibacter.ornithocaccae	Group_and_sex	PD_Male	0.188545137	0.248461512	100	37	0.449763308	0.976129806
d__Bacteria.p__Bacillota_A.c__Clostridia.o__Oscillospirales.f__Acutalibacteraceae.g__CAG.177.s__CAG.177.sp003514385	Group_and_sex	PD_Male	0.276243592	0.351414264	100	27	0.433710798	0.976129806
d__Bacteria.p__Bacillota_A.c__Clostridia.o__Oscillospirales.f__Acutalibacteraceae.g__Ruminococcus_E.s__Ruminococcus_E.intestinalis	Group_and_sex	PD_Male	-0.173525687	0.210377314	100	12	0.411470851	0.976129806
d__Bacteria.p__Bacillota_A.c__Clostridia.o__Oscillospirales.f__Acutalibacteraceae.g__UMGS1071.s__UMGS1071.sp934476545	Group_and_sex	PD_Male	-0.081867003	0.12664387	100	12	0.51950886	0.976129806
d__Bacteria.p__Bacillota_A.c__Clostridia.o__Oscillospirales.f__Oscillospiraceae.g__Hominicoprocola.s__Hominicoprocola.sp934835795	Group_and_sex	PD_Male	0.186366179	0.266795624	100	57	0.486496807	0.976129806
d__Bacteria.p__Bacillota_A.c__Clostridia.o__Oscillospirales.f__Oscillospiraceae.g__Scatomorpha.s__Scatomorpha.intestinigallinarum	Group_and_sex	PD_Male	-0.154328805	0.198357649	100	17	0.438423903	0.976129806
d__Bacteria.p__Bacillota_A.c__Clostridia.o__Oscillospirales.f__Oscillospiraceae.g__Vescimonas.s__Vescimonas.sp000435975	Group_and_sex	PD_Male	0.163650656	0.214206511	100	17	0.446711435	0.976129806
d__Bacteria.p__Bacillota_A.c__Clostridia.o__Oscillospirales.f__Ruminococcaceae.g__Faecalibacterium.s__Faecalibacterium.sp900539945	Group_and_sex	PD_Male	0.206902036	0.293363131	100	48	0.482311353	0.976129806
d__Bacteria.p__Bacillota_A.c__Clostridia.o__Oscillospirales.f__Ruminococcaceae.g__Faecalibacterium.s__Faecalibacterium.sp900758465	Group_and_sex	PD_Male	0.14081299	0.168172361	100	19	0.404453681	0.976129806
d__Bacteria.p__Bacillota_A.c__Clostridia.o__Oscillospirales.f__Ruminococcaceae.g__UBA3818.s__UBA3818.sp900557155	Group_and_sex	PD_Male	0.123700533	0.172817339	100	21	0.475824487	0.976129806
d__Bacteria.p__Bacillota_A.c__Clostridia.o__Peptostreptococcales.f__Anaerovoracaceae.g__CAG.238.s__CAG.238.sp900542245	Group_and_sex	PD_Male	-0.078246993	0.117499157	100	12	0.507016121	0.976129806
d__Bacteria.p__Bacillota_A.c__Clostridia.o__Peptostreptococcales.f__Anaerovoracaceae.g__Hominibacterium.s__Hominibacterium.hominis	Group_and_sex	PD_Male	0.154417229	0.189197564	100	30	0.4163828	0.976129806
d__Bacteria.p__Bacillota_A.c__Clostridia.o__Peptostreptococcales.f__Anaerovoracaceae.g__Lentihominibacter.s__Lentihominibacter.faecis	Group_and_sex	PD_Male	0.149257702	0.212995752	100	54	0.485116814	0.976129806
d__Bacteria.p__Bacillota_A.c__Clostridia.o__Peptostreptococcales.f__Anaerovoracaceae.g__UMGS973.s__UMGS973.sp900547295	Group_and_sex	PD_Male	-0.138409877	0.165872379	100	16	0.406064821	0.976129806
d__Bacteria.p__Bacillota_A.c__Clostridia.o__Peptostreptococcales.f__Peptostreptococcaceae.g__Intestinibacter.s__Intestinibacter.sp900540355	Group_and_sex	PD_Male	0.135302354	0.163526147	100	14	0.410017779	0.976129806
d__Bacteria.p__Bacillota_C.c__Negativicutes.o__Acidaminococcales.f__Acidaminococcaceae.g__Phascolarctobacterium.s__Phascolarctobacterium.faecium	Group_and_sex	PD_Male	-0.232177473	0.299492181	100	46	0.440066161	0.976129806
d__Bacteria.p__Bacillota_I.c__Bacilli_A.o__Erysipelotrichales.f__Coprobacillaceae.g__Thomasclavelia.s__Thomasclavelia.spiroformis	Group_and_sex	PD_Male	0.110149916	0.13019463	100	17	0.399591303	0.976129806
d__Bacteria.p__Bacteroidota.c__Bacteroidia.o__Bacteroidales.f__Bacteroidaceae.g__Bacteroides.s__Bacteroides.fragilis	Group_and_sex	PD_Male	-0.254027207	0.323031319	100	48	0.433539003	0.976129806
d__Bacteria.p__Bacteroidota.c__Bacteroidia.o__Bacteroidales.f__Bacteroidaceae.g__Bacteroides.s__Bacteroides.sp900557355	Group_and_sex	PD_Male	-0.150297351	0.216693831	100	15	0.489578117	0.976129806
d__Bacteria.p__Bacteroidota.c__Bacteroidia.o__Bacteroidales.f__Bacteroidaceae.g__Bacteroides.s__Bacteroides.thetaiotaomicron	Group_and_sex	PD_Male	-0.190022217	0.290819398	100	61	0.515026741	0.976129806
d__Bacteria.p__Bacteroidota.c__Bacteroidia.o__Bacteroidales.f__Marinifilaceae.g__Butyricimonas.s__Butyricimonas.paravirosa	Group_and_sex	PD_Male	0.149216164	0.189509324	100	29	0.432958674	0.976129806
d__Bacteria.p__Bacteroidota.c__Bacteroidia.o__Bacteroidales.f__Rikenellaceae.g__Alistipes_A.s__Alistipes_A.ihumii	Group_and_sex	PD_Male	-0.171863061	0.219683811	100	38	0.435912687	0.976129806
d__Bacteria.p__Bacteroidota.c__Bacteroidia.o__Bacteroidales.f__Rikenellaceae.g__Alistipes_A.s__Alistipes_A.indistinctus	Group_and_sex	PD_Male	-0.215117686	0.249800052	100	37	0.391252317	0.976129806
d__Bacteria.p__Bacteroidota.c__Bacteroidia.o__Bacteroidales.f__Rikenellaceae.g__Tidjanibacter.s__Tidjanibacter.inops	Group_and_sex	PD_Male	-0.147932313	0.227015929	100	16	0.516159715	0.976129806
d__Bacteria.p__Bacteroidota.c__Bacteroidia.o__Bacteroidales.f__Tannerellaceae.g__Parabacteroides.s__Parabacteroides.distasonis	Group_and_sex	PD_Male	0.245098772	0.327927975	100	79	0.456601847	0.976129806
d__Bacteria.p__Actinomycetota.c__Actinomycetes.o__Actinomycetales.f__Bifidobacteriaceae.g__Bifidobacterium.s__Bifidobacterium.bifidum	Group_and_sex	PD_Male	0.070381996	0.340725055	100	20	0.836777873	0.977626846
d__Bacteria.p__Actinomycetota.c__Actinomycetes.o__Actinomycetales.f__Bifidobacteriaceae.g__Bifidobacterium.s__Bifidobacterium.infantis	Group_and_sex	PD_Male	-0.124726954	0.503973299	100	66	0.805048947	0.977626846
d__Bacteria.p__Actinomycetota.c__Actinomycetes.o__Actinomycetales.f__Bifidobacteriaceae.g__Bifidobacterium.s__Bifidobacterium.pseudocatenulatum	Group_and_sex	PD_Male	0.164245588	0.328207525	100	21	0.617892825	0.977626846
d__Bacteria.p__Actinomycetota.c__Coriobacteriia.o__Coriobacteriales.f__Coriobacteriaceae.g__Collinsella.s__Collinsella.sp023656745	Group_and_sex	PD_Male	0.102668006	0.345673626	100	74	0.767088629	0.977626846
d__Bacteria.p__Actinomycetota.c__Coriobacteriia.o__Coriobacteriales.f__Eggerthellaceae.g__CAJFUR01.s__CAJFUR01.sp904420575	Group_and_sex	PD_Male	-0.037551349	0.182197085	100	23	0.837138091	0.977626846
d__Bacteria.p__Bacillota.c__Bacilli.o__Lactobacillales.f__Streptococcaceae.g__Streptococcus.s__Streptococcus.mutans	Group_and_sex	PD_Male	0.094772127	0.267328185	100	24	0.723713911	0.977626846
d__Bacteria.p__Bacillota.c__Bacilli.o__Lactobacillales.f__Streptococcaceae.g__Streptococcus.s__Streptococcus.sp001556435	Group_and_sex	PD_Male	0.151448455	0.355048937	100	80	0.670637895	0.977626846
d__Bacteria.p__Bacillota.c__Bacilli.o__MOL361.f__Turicibacteraceae.g__Turicibacter.s__Turicibacter.bilis	Group_and_sex	PD_Male	-0.072537025	0.187733979	100	24	0.700051427	0.977626846
d__Bacteria.p__Bacillota.c__Bacilli.o__MOL361.f__Turicibacteraceae.g__Turicibacter.s__Turicibacter.sanguinis	Group_and_sex	PD_Male	-0.042255193	0.171079098	100	18	0.805430985	0.977626846
d__Bacteria.p__Bacillota_A.c__Clostridia.o__Christensenellales.f__Aristaeellaceae.g__Egerieenecus.s__Egerieenecus.sp900553315	Group_and_sex	PD_Male	-0.049536712	0.129341799	100	14	0.702556102	0.977626846
d__Bacteria.p__Bacillota_A.c__Clostridia.o__Christensenellales.f__Aristaeellaceae.g__Faecivicinus.s__Faecivicinus.sp900553265	Group_and_sex	PD_Male	-0.04729124	0.110547125	100	11	0.669740744	0.977626846
d__Bacteria.p__Bacillota_A.c__Clostridia.o__Christensenellales.f__Aristaeellaceae.g__Limiplasma.s__Limiplasma.merdipullorum	Group_and_sex	PD_Male	0.116278818	0.258243284	100	38	0.653511357	0.977626846
d__Bacteria.p__Bacillota_A.c__Clostridia.o__Christensenellales.f__Aristaeellaceae.g__Pullichristensenella.s__Pullichristensenella.excrementigallinarum	Group_and_sex	PD_Male	0.029066087	0.127598927	100	12	0.820282093	0.977626846
d__Bacteria.p__Bacillota_A.c__Clostridia.o__Christensenellales.f__Aristaeellaceae.g__Pullichristensenella.s__Pullichristensenella.stercorigallinarum	Group_and_sex	PD_Male	0.044291811	0.145932416	100	16	0.762145352	0.977626846
d__Bacteria.p__Bacillota_A.c__Clostridia.o__Christensenellales.f__CAG.138.g__SFEL01.s__SFEL01.sp004557245	Group_and_sex	PD_Male	0.109157372	0.287391658	100	33	0.704900202	0.977626846
d__Bacteria.p__Bacillota_A.c__Clostridia.o__Christensenellales.f__UBA1750.g__Spyradocola.s__Spyradocola.merdavium	Group_and_sex	PD_Male	0.056951407	0.176454625	100	25	0.747569272	0.977626846
d__Bacteria.p__Bacillota_A.c__Clostridia.o__Clostridiales.f__Clostridiaceae.g__Clostridium.s__Clostridium.sp000435835	Group_and_sex	PD_Male	0.042873095	0.106847043	100	12	0.689104713	0.977626846
d__Bacteria.p__Bacillota_A.c__Clostridia.o__Clostridiales.f__Clostridiaceae.g__Clostridium.s__Clostridium.sp900540255	Group_and_sex	PD_Male	0.035952249	0.178202833	100	15	0.840531119	0.977626846
d__Bacteria.p__Bacillota_A.c__Clostridia.o__Lachnospirales.f__Anaerotignaceae.g__Anaerotignum.s__Anaerotignum.faecicola	Group_and_sex	PD_Male	-0.078143388	0.196912414	100	25	0.692345847	0.977626846
d__Bacteria.p__Bacillota_A.c__Clostridia.o__Lachnospirales.f__Lachnospiraceae.g__Acetatifactor.s__Acetatifactor.acetigignens	Group_and_sex	PD_Male	0.152076484	0.282099292	100	54	0.591048399	0.977626846
d__Bacteria.p__Bacillota_A.c__Clostridia.o__Lachnospirales.f__Lachnospiraceae.g__Alitiscatomonas.s__Alitiscatomonas.aceti	Group_and_sex	PD_Male	0.158266407	0.25167832	100	54	0.530914213	0.977626846
d__Bacteria.p__Bacillota_A.c__Clostridia.o__Lachnospirales.f__Lachnospiraceae.g__Alitiscatomonas.s__Alitiscatomonas.sp900066535	Group_and_sex	PD_Male	-0.030554748	0.157851365	100	20	0.846915907	0.977626846
d__Bacteria.p__Bacillota_A.c__Clostridia.o__Lachnospirales.f__Lachnospiraceae.g__Anaerobutyricum.s__Anaerobutyricum.hallii	Group_and_sex	PD_Male	0.107645627	0.362862471	100	72	0.767356337	0.977626846
d__Bacteria.p__Bacillota_A.c__Clostridia.o__Lachnospirales.f__Lachnospiraceae.g__Bariatricus.s__Bariatricus.comes_A	Group_and_sex	PD_Male	0.192426676	0.312833675	100	77	0.539908741	0.977626846
d__Bacteria.p__Bacillota_A.c__Clostridia.o__Lachnospirales.f__Lachnospiraceae.g__Blautia_A.s__Blautia_A.fusiformis	Group_and_sex	PD_Male	-0.120437477	0.410642859	100	80	0.769920607	0.977626846
d__Bacteria.p__Bacillota_A.c__Clostridia.o__Lachnospirales.f__Lachnospiraceae.g__Blautia_A.s__Blautia_A.sp900066335	Group_and_sex	PD_Male	-0.087216014	0.228181443	100	18	0.703124184	0.977626846
d__Bacteria.p__Bacillota_A.c__Clostridia.o__Lachnospirales.f__Lachnospiraceae.g__Blautia_A.s__Blautia_A.sp900548245	Group_and_sex	PD_Male	0.049351312	0.260189075	100	29	0.849956271	0.977626846
d__Bacteria.p__Bacillota_A.c__Clostridia.o__Lachnospirales.f__Lachnospiraceae.g__Blautia_A.s__Blautia_A.sp934394595	Group_and_sex	PD_Male	0.039897753	0.190336474	100	34	0.834401789	0.977626846
d__Bacteria.p__Bacillota_A.c__Clostridia.o__Lachnospirales.f__Lachnospiraceae.g__Brotaphodocola.s__	Group_and_sex	PD_Male	0.073319858	0.182991455	100	13	0.689532577	0.977626846
d__Bacteria.p__Bacillota_A.c__Clostridia.o__Lachnospirales.f__Lachnospiraceae.g__Butyribacter.s__Butyribacter.intestini	Group_and_sex	PD_Male	0.066374694	0.132359342	100	11	0.617162637	0.977626846
d__Bacteria.p__Bacillota_A.c__Clostridia.o__Lachnospirales.f__Lachnospiraceae.g__Butyribacter.s__Butyribacter.sp000436755	Group_and_sex	PD_Male	-0.048105223	0.114905336	100	12	0.67638737	0.977626846
d__Bacteria.p__Bacillota_A.c__Clostridia.o__Lachnospirales.f__Lachnospiraceae.g__CAG.194.s__CAG.194.sp000432915	Group_and_sex	PD_Male	-0.091285835	0.223043169	100	22	0.683231503	0.977626846
d__Bacteria.p__Bacillota_A.c__Clostridia.o__Lachnospirales.f__Lachnospiraceae.g__Choladousia.s__Choladousia.sp902363135	Group_and_sex	PD_Male	0.125936697	0.208888965	100	64	0.547975716	0.977626846
d__Bacteria.p__Bacillota_A.c__Clostridia.o__Lachnospirales.f__Lachnospiraceae.g__Choladousia.s__Choladousia.sp902363665	Group_and_sex	PD_Male	-0.089689874	0.262309689	100	41	0.733140535	0.977626846
d__Bacteria.p__Bacillota_A.c__Clostridia.o__Lachnospirales.f__Lachnospiraceae.g__Coprococcus.s__Coprococcus.aceti	Group_and_sex	PD_Male	0.06309813	0.332010099	100	27	0.849663976	0.977626846
d__Bacteria.p__Bacillota_A.c__Clostridia.o__Lachnospirales.f__Lachnospiraceae.g__Dorea_D.s__Dorea_D.sp900543415	Group_and_sex	PD_Male	-0.106053584	0.258528532	100	21	0.682539977	0.977626846
d__Bacteria.p__Bacillota_A.c__Clostridia.o__Lachnospirales.f__Lachnospiraceae.g__Eisenbergiella.s__Eisenbergiella.tayi	Group_and_sex	PD_Male	-0.114204233	0.223231182	100	26	0.610084458	0.977626846
d__Bacteria.p__Bacillota_A.c__Clostridia.o__Lachnospirales.f__Lachnospiraceae.g__Enterocloster.s__Enterocloster.bolteae	Group_and_sex	PD_Male	-0.091284294	0.238003869	100	27	0.702149311	0.977626846
d__Bacteria.p__Bacillota_A.c__Clostridia.o__Lachnospirales.f__Lachnospiraceae.g__Enterocloster.s__Enterocloster.sp000431375	Group_and_sex	PD_Male	-0.054013846	0.252384656	100	37	0.830980802	0.977626846
d__Bacteria.p__Bacillota_A.c__Clostridia.o__Lachnospirales.f__Lachnospiraceae.g__Eubacterium_G.s__Eubacterium_G.segne	Group_and_sex	PD_Male	0.054238465	0.124570838	100	16	0.664227687	0.977626846
d__Bacteria.p__Bacillota_A.c__Clostridia.o__Lachnospirales.f__Lachnospiraceae.g__Eubacterium_G.s__Eubacterium_G.sp000435815	Group_and_sex	PD_Male	0.095707321	0.156103962	100	17	0.541230577	0.977626846
d__Bacteria.p__Bacillota_A.c__Clostridia.o__Lachnospirales.f__Lachnospiraceae.g__Gallintestinimicrobium.s__Gallintestinimicrobium.propionicum	Group_and_sex	PD_Male	0.04418806	0.227759996	100	43	0.846568458	0.977626846
d__Bacteria.p__Bacillota_A.c__Clostridia.o__Lachnospirales.f__Lachnospiraceae.g__Hominisplanchenecus.s__Hominisplanchenecus.faecis	Group_and_sex	PD_Male	0.10260597	0.291799081	100	35	0.725868997	0.977626846
d__Bacteria.p__Bacillota_A.c__Clostridia.o__Lachnospirales.f__Lachnospiraceae.g__Hominiventricola.s__Hominiventricola.filiformis	Group_and_sex	PD_Male	-0.030048445	0.148420656	100	23	0.839981054	0.977626846
d__Bacteria.p__Bacillota_A.c__Clostridia.o__Lachnospirales.f__Lachnospiraceae.g__Hominiventricola.s__Hominiventricola.sp003480725	Group_and_sex	PD_Male	0.049281195	0.127940857	100	16	0.700933394	0.977626846
d__Bacteria.p__Bacillota_A.c__Clostridia.o__Lachnospirales.f__Lachnospiraceae.g__Limivivens.s__Limivivens.sp934393555	Group_and_sex	PD_Male	-0.043666594	0.150543991	100	17	0.772384185	0.977626846
d__Bacteria.p__Bacillota_A.c__Clostridia.o__Lachnospirales.f__Lachnospiraceae.g__Massilistercora.s__Massilistercora.timonensis	Group_and_sex	PD_Male	0.037952257	0.150359607	100	17	0.801252873	0.977626846
d__Bacteria.p__Bacillota_A.c__Clostridia.o__Lachnospirales.f__Lachnospiraceae.g__Otoolea.s__Otoolea.fessa	Group_and_sex	PD_Male	0.090111731	0.212454549	100	48	0.672389005	0.977626846
d__Bacteria.p__Bacillota_A.c__Clostridia.o__Lachnospirales.f__Lachnospiraceae.g__Ruminococcus_B.s__Ruminococcus_B.gnavus	Group_and_sex	PD_Male	0.211172287	0.412294587	100	41	0.609671904	0.977626846
d__Bacteria.p__Bacillota_A.c__Clostridia.o__Lachnospirales.f__Lachnospiraceae.g__UBA3402.s__UBA3402.sp003478355	Group_and_sex	PD_Male	0.025167608	0.116956128	100	12	0.830067587	0.977626846
d__Bacteria.p__Bacillota_A.c__Clostridia.o__Lachnospirales.f__Lachnospiraceae.g__Wujia.s__Wujia.chipingensis	Group_and_sex	PD_Male	-0.048696318	0.227652739	100	16	0.831064674	0.977626846
d__Bacteria.p__Bacillota_A.c__Clostridia.o__Oscillospirales.f__Acutalibacteraceae.g__Acutalibacter.s__Acutalibacter.sp900548545	Group_and_sex	PD_Male	0.090387848	0.169052881	100	18	0.594087675	0.977626846
d__Bacteria.p__Bacillota_A.c__Clostridia.o__Oscillospirales.f__Acutalibacteraceae.g__Anaeromassilibacillus.s__Anaeromassilibacillus.stercoravium	Group_and_sex	PD_Male	-0.085068741	0.156239004	100	21	0.587349197	0.977626846
d__Bacteria.p__Bacillota_A.c__Clostridia.o__Oscillospirales.f__Acutalibacteraceae.g__CAKTXU01.s__CAKTXU01.sp934615635	Group_and_sex	PD_Male	0.062566975	0.104573185	100	11	0.551014742	0.977626846
d__Bacteria.p__Bacillota_A.c__Clostridia.o__Oscillospirales.f__Acutalibacteraceae.g__Eubacterium_R.s__Eubacterium_R.sp000434995	Group_and_sex	PD_Male	-0.055409644	0.183251132	100	15	0.763010841	0.977626846
d__Bacteria.p__Bacillota_A.c__Clostridia.o__Oscillospirales.f__Acutalibacteraceae.g__Fimenecus.s__Fimenecus.sp000432435	Group_and_sex	PD_Male	-0.103972352	0.291130807	100	20	0.721760305	0.977626846
d__Bacteria.p__Bacillota_A.c__Clostridia.o__Oscillospirales.f__Acutalibacteraceae.g__Fimivicinus.s__Fimivicinus.sp900544375	Group_and_sex	PD_Male	0.117520551	0.257823704	100	18	0.649529665	0.977626846
d__Bacteria.p__Bacillota_A.c__Clostridia.o__Oscillospirales.f__Acutalibacteraceae.g__Ruminococcus_E.s__Ruminococcus_E.bromii	Group_and_sex	PD_Male	0.108651514	0.492967225	100	62	0.82601572	0.977626846
d__Bacteria.p__Bacillota_A.c__Clostridia.o__Oscillospirales.f__Acutalibacteraceae.g__UMGS1264.s__UMGS1264.sp904399395	Group_and_sex	PD_Male	0.104825008	0.168801845	100	19	0.536044974	0.977626846
d__Bacteria.p__Bacillota_A.c__Clostridia.o__Oscillospirales.f__Butyricicoccaceae.g__Agathobaculum.s__Agathobaculum.ammoniilyticum	Group_and_sex	PD_Male	0.056894322	0.127323888	100	12	0.655971347	0.977626846
d__Bacteria.p__Bacillota_A.c__Clostridia.o__Oscillospirales.f__CAG.382.g__Woodwardibium.s__Woodwardibium.gallinarum	Group_and_sex	PD_Male	-0.019805273	0.103537735	100	11	0.84869763	0.977626846
d__Bacteria.p__Bacillota_A.c__Clostridia.o__Oscillospirales.f__CAG.382.g__Woodwardibium.s__Woodwardibium.sp900760275	Group_and_sex	PD_Male	0.024925155	0.119047558	100	14	0.834592926	0.977626846
d__Bacteria.p__Bacillota_A.c__Clostridia.o__Oscillospirales.f__Oscillospiraceae.g__CAG.170.s__CAG.170.sp000432135	Group_and_sex	PD_Male	-0.061859661	0.301313089	100	42	0.837763362	0.977626846
d__Bacteria.p__Bacillota_A.c__Clostridia.o__Oscillospirales.f__Oscillospiraceae.g__CAG.170.s__CAG.170.sp003516765	Group_and_sex	PD_Male	-0.068483795	0.169222006	100	18	0.686581534	0.977626846
d__Bacteria.p__Bacillota_A.c__Clostridia.o__Oscillospirales.f__Oscillospiraceae.g__CAG.170.s__CAG.170.sp900545925	Group_and_sex	PD_Male	-0.068158525	0.153493676	100	17	0.657987009	0.977626846
d__Bacteria.p__Bacillota_A.c__Clostridia.o__Oscillospirales.f__Oscillospiraceae.g__Dysosmobacter.s__Dysosmobacter.faecalis	Group_and_sex	PD_Male	0.070261141	0.163856672	100	19	0.669012531	0.977626846
d__Bacteria.p__Bacillota_A.c__Clostridia.o__Oscillospirales.f__Oscillospiraceae.g__Dysosmobacter.s__Dysosmobacter.welbionis	Group_and_sex	PD_Male	-0.10671196	0.243975835	100	68	0.662792786	0.977626846
d__Bacteria.p__Bacillota_A.c__Clostridia.o__Oscillospirales.f__Oscillospiraceae.g__Evtepia.s__Evtepia.excrementipullorum	Group_and_sex	PD_Male	0.107701655	0.212215331	100	21	0.612936448	0.977626846
d__Bacteria.p__Bacillota_A.c__Clostridia.o__Oscillospirales.f__Oscillospiraceae.g__Evtepia.s__Evtepia.gabavorous	Group_and_sex	PD_Male	-0.139993606	0.291893182	100	58	0.632576481	0.977626846
d__Bacteria.p__Bacillota_A.c__Clostridia.o__Oscillospirales.f__Oscillospiraceae.g__Faecousia.s__Faecousia.sp958436045	Group_and_sex	PD_Male	0.057841403	0.132920784	100	19	0.664405347	0.977626846
d__Bacteria.p__Bacillota_A.c__Clostridia.o__Oscillospirales.f__Oscillospiraceae.g__HGM13006.s__HGM13006.sp900756575	Group_and_sex	PD_Male	0.05122723	0.130652418	100	13	0.695844662	0.977626846
d__Bacteria.p__Bacillota_A.c__Clostridia.o__Oscillospirales.f__Oscillospiraceae.g__HGM13006.s__HGM13006.sp900757695	Group_and_sex	PD_Male	0.045736024	0.116501305	100	14	0.695482657	0.977626846
d__Bacteria.p__Bacillota_A.c__Clostridia.o__Oscillospirales.f__Oscillospiraceae.g__Intestinimonas.s__Intestinimonas.massiliensis	Group_and_sex	PD_Male	-0.071239051	0.165502835	100	24	0.667820706	0.977626846
d__Bacteria.p__Bacillota_A.c__Clostridia.o__Oscillospirales.f__Oscillospiraceae.g__Lawsonibacter_A.s__Lawsonibacter_A.hominis	Group_and_sex	PD_Male	-0.102329398	0.170336337	100	23	0.549394015	0.977626846
d__Bacteria.p__Bacillota_A.c__Clostridia.o__Oscillospirales.f__Oscillospiraceae.g__Onthomonas.s__Onthomonas.sp900545815	Group_and_sex	PD_Male	0.076483024	0.174742484	100	18	0.662574208	0.977626846
d__Bacteria.p__Bacillota_A.c__Clostridia.o__Oscillospirales.f__Oscillospiraceae.g__Scatomorpha.s__Scatomorpha.sp900545405	Group_and_sex	PD_Male	0.158824005	0.274501792	100	17	0.564193188	0.977626846
d__Bacteria.p__Bacillota_A.c__Clostridia.o__Oscillospirales.f__Oscillospiraceae.g__Vescimonas.s__Vescimonas.cirricatena	Group_and_sex	PD_Male	-0.128518342	0.30478899	100	27	0.674194264	0.977626846
d__Bacteria.p__Bacillota_A.c__Clostridia.o__Oscillospirales.f__Oscillospiraceae.g__Vescimonas.s__Vescimonas.sp000435555	Group_and_sex	PD_Male	0.090477065	0.424255145	100	46	0.831566435	0.977626846
d__Bacteria.p__Bacillota_A.c__Clostridia.o__Oscillospirales.f__Ruminococcaceae.g__Anaerotruncus.s__Anaerotruncus.colihominis	Group_and_sex	PD_Male	-0.067205811	0.125350858	100	15	0.59307555	0.977626846
d__Bacteria.p__Bacillota_A.c__Clostridia.o__Oscillospirales.f__Ruminococcaceae.g__Angelakisella.s__Angelakisella.sp900547385	Group_and_sex	PD_Male	-0.044476742	0.206154294	100	29	0.829634983	0.977626846
d__Bacteria.p__Bacillota_A.c__Clostridia.o__Oscillospirales.f__Ruminococcaceae.g__Avimicrobium.s__Avimicrobium.caecorum	Group_and_sex	PD_Male	-0.061857152	0.142508897	100	16	0.66520031	0.977626846
d__Bacteria.p__Bacillota_A.c__Clostridia.o__Oscillospirales.f__Ruminococcaceae.g__Faecalibacterium.s__Faecalibacterium.duncaniae	Group_and_sex	PD_Male	-0.099030421	0.389068877	100	67	0.799618038	0.977626846
d__Bacteria.p__Bacillota_A.c__Clostridia.o__Oscillospirales.f__Ruminococcaceae.g__Faecalibacterium.s__Faecalibacterium.prausnitzii_D	Group_and_sex	PD_Male	0.088015738	0.308134616	100	69	0.775756318	0.977626846
d__Bacteria.p__Bacillota_A.c__Clostridia.o__Oscillospirales.f__Ruminococcaceae.g__Faecalibacterium.s__Faecalibacterium.prausnitzii_E	Group_and_sex	PD_Male	0.100711177	0.258993107	100	14	0.698225822	0.977626846
d__Bacteria.p__Bacillota_A.c__Clostridia.o__Oscillospirales.f__Ruminococcaceae.g__Faecalibacterium.s__Faecalibacterium.sp900539885	Group_and_sex	PD_Male	-0.131258286	0.278965455	100	28	0.639030459	0.977626846
d__Bacteria.p__Bacillota_A.c__Clostridia.o__Oscillospirales.f__Ruminococcaceae.g__Gemmiger.s__Gemmiger.formicilis	Group_and_sex	PD_Male	-0.096209794	0.409864026	100	63	0.814903491	0.977626846
d__Bacteria.p__Bacillota_A.c__Clostridia.o__Oscillospirales.f__Ruminococcaceae.g__Gemmiger.s__Gemmiger.qucibialis	Group_and_sex	PD_Male	0.124671991	0.356482815	100	85	0.72729335	0.977626846
d__Bacteria.p__Bacillota_A.c__Clostridia.o__Oscillospirales.f__Ruminococcaceae.g__Gemmiger.s__Gemmiger.sp900540775	Group_and_sex	PD_Male	-0.065693466	0.318549237	100	21	0.837041401	0.977626846
d__Bacteria.p__Bacillota_A.c__Clostridia.o__Oscillospirales.f__Ruminococcaceae.g__Harryflintia.s__Harryflintia.acetispora	Group_and_sex	PD_Male	0.053053009	0.119244697	100	15	0.657366813	0.977626846
d__Bacteria.p__Bacillota_A.c__Clostridia.o__Oscillospirales.f__Ruminococcaceae.g__Hominimerdicola.s__Hominimerdicola.aceti	Group_and_sex	PD_Male	0.17807064	0.373186635	100	51	0.634308865	0.977626846
d__Bacteria.p__Bacillota_A.c__Clostridia.o__Oscillospirales.f__Ruminococcaceae.g__Negativibacillus.s__Negativibacillus.faecipullorum	Group_and_sex	PD_Male	0.073162461	0.12725468	100	13	0.566656609	0.977626846
d__Bacteria.p__Bacillota_A.c__Clostridia.o__Oscillospirales.f__Ruminococcaceae.g__Negativibacillus.s__Negativibacillus.massiliensis	Group_and_sex	PD_Male	0.051474091	0.174623255	100	15	0.768791393	0.977626846
d__Bacteria.p__Bacillota_A.c__Clostridia.o__Oscillospirales.f__Ruminococcaceae.g__Porcipelethomonas.s__Porcipelethomonas.ammoniilytica	Group_and_sex	PD_Male	0.146133332	0.241749003	100	16	0.546919074	0.977626846
d__Bacteria.p__Bacillota_A.c__Clostridia.o__Oscillospirales.f__Ruminococcaceae.g__Ruminococcus_C.s__Ruminococcus_C.callidus	Group_and_sex	PD_Male	-0.130435963	0.23201692	100	13	0.575274993	0.977626846
d__Bacteria.p__Bacillota_A.c__Clostridia.o__Oscillospirales.f__Ruminococcaceae.g__Ruminococcus_C.s__Ruminococcus_C.sp000980705	Group_and_sex	PD_Male	-0.037881452	0.201098495	100	11	0.850974078	0.977626846
d__Bacteria.p__Bacillota_A.c__Clostridia.o__Oscillospirales.f__Ruminococcaceae.g__Ruthenibacterium.s__	Group_and_sex	PD_Male	0.03652225	0.160936526	100	14	0.820946426	0.977626846
d__Bacteria.p__Bacillota_A.c__Clostridia.o__Peptostreptococcales.f__Peptostreptococcaceae.g__Terrisporobacter.s__Terrisporobacter.sp900557165	Group_and_sex	PD_Male	0.100139927	0.19680447	100	19	0.612015388	0.977626846
d__Bacteria.p__Bacillota_A.c__Clostridia.o__TANB77.f__CAG.508.g__CAG.273.s__CAG.273.sp000438355	Group_and_sex	PD_Male	0.117679575	0.205999521	100	28	0.569130256	0.977626846
d__Bacteria.p__Bacillota_G.c__DTU025.o__DTUO25.f__HGM14224.g__HGM14224.s__HGM14224.sp900761905	Group_and_sex	PD_Male	-0.056348838	0.12625747	100	14	0.656364408	0.977626846
d__Bacteria.p__Bacillota_I.c__Bacilli_A.o__Erysipelotrichales.f__Coprobacillaceae.g__Allocoprobacillus.s__Allocoprobacillus.merdigallinarum	Group_and_sex	PD_Male	-0.033480509	0.124961492	100	14	0.789318926	0.977626846
d__Bacteria.p__Bacillota_I.c__Bacilli_A.o__Erysipelotrichales.f__Coprobacillaceae.g__Coprobacillus.s__Coprobacillus.cateniformis	Group_and_sex	PD_Male	-0.030179785	0.135863963	100	12	0.824673098	0.977626846
d__Bacteria.p__Bacillota_I.c__Bacilli_A.o__Erysipelotrichales.f__Erysipelotrichaceae.g__Clostridium_AQ.s__Clostridium_AQ.innocuum	Group_and_sex	PD_Male	0.14934592	0.235306619	100	29	0.527111897	0.977626846
d__Bacteria.p__Bacillota_I.c__Bacilli_A.o__Erysipelotrichales.f__Erysipelotrichaceae.g__Holdemania.s__Holdemania.filiformis	Group_and_sex	PD_Male	-0.030981901	0.112834856	100	12	0.784218926	0.977626846
d__Bacteria.p__Bacteroidota.c__Bacteroidia.o__Bacteroidales.f__Bacteroidaceae.g__Bacteroides.s__Bacteroides.caccae	Group_and_sex	PD_Male	-0.173290061	0.337060917	100	59	0.608324855	0.977626846
d__Bacteria.p__Bacteroidota.c__Bacteroidia.o__Bacteroidales.f__Bacteroidaceae.g__Bacteroides.s__Bacteroides.eggerthii	Group_and_sex	PD_Male	-0.069715753	0.316933954	100	19	0.826352593	0.977626846
d__Bacteria.p__Bacteroidota.c__Bacteroidia.o__Bacteroidales.f__Bacteroidaceae.g__Bacteroides.s__Bacteroides.ovatus	Group_and_sex	PD_Male	0.176077203	0.338686692	100	65	0.604318007	0.977626846
d__Bacteria.p__Bacteroidota.c__Bacteroidia.o__Bacteroidales.f__Bacteroidaceae.g__Bacteroides.s__Bacteroides.stercoris	Group_and_sex	PD_Male	0.117832495	0.381074928	100	35	0.757817604	0.977626846
d__Bacteria.p__Bacteroidota.c__Bacteroidia.o__Bacteroidales.f__Bacteroidaceae.g__Bacteroides.s__Bacteroides.uniformis	Group_and_sex	PD_Male	0.175186052	0.354564985	100	93	0.622350195	0.977626846
d__Bacteria.p__Bacteroidota.c__Bacteroidia.o__Bacteroidales.f__Bacteroidaceae.g__Phocaeicola.s__Phocaeicola.dorei	Group_and_sex	PD_Male	-0.180770311	0.445972853	100	51	0.68611167	0.977626846
d__Bacteria.p__Bacteroidota.c__Bacteroidia.o__Bacteroidales.f__Bacteroidaceae.g__Phocaeicola.s__Phocaeicola.vulgatus	Group_and_sex	PD_Male	0.069409827	0.370190383	100	80	0.851658121	0.977626846
d__Bacteria.p__Bacteroidota.c__Bacteroidia.o__Bacteroidales.f__Barnesiellaceae.g__Barnesiella.s__Barnesiella.intestinihominis	Group_and_sex	PD_Male	-0.119951582	0.350355142	100	58	0.732804603	0.977626846
d__Bacteria.p__Bacteroidota.c__Bacteroidia.o__Bacteroidales.f__Marinifilaceae.g__Butyricimonas.s__Butyricimonas.sp019423345	Group_and_sex	PD_Male	0.028881208	0.146053453	100	14	0.843654877	0.977626846
d__Bacteria.p__Bacteroidota.c__Bacteroidia.o__Bacteroidales.f__Rikenellaceae.g__Alistipes.s__Alistipes.communis	Group_and_sex	PD_Male	-0.169652862	0.308659917	100	58	0.583814458	0.977626846
d__Bacteria.p__Bacteroidota.c__Bacteroidia.o__Bacteroidales.f__Rikenellaceae.g__Alistipes.s__Alistipes.finegoldii	Group_and_sex	PD_Male	-0.130513364	0.305222784	100	57	0.669880256	0.977626846
d__Bacteria.p__Bacteroidota.c__Bacteroidia.o__Bacteroidales.f__Rikenellaceae.g__Alistipes.s__Alistipes.shahii	Group_and_sex	PD_Male	0.069105599	0.280671962	100	54	0.806030905	0.977626846
d__Bacteria.p__Bacteroidota.c__Bacteroidia.o__Bacteroidales.f__Rikenellaceae.g__Alistipes.s__Alistipes.sp902363575	Group_and_sex	PD_Male	0.138767007	0.247305971	100	17	0.576000168	0.977626846
d__Bacteria.p__Pseudomonadota.c__Alphaproteobacteria.o__RF32.f__CAG.239.g__Scatacola_A.s__Scatacola_A.faecigallinarum	Group_and_sex	PD_Male	-0.06784823	0.275314603	100	18	0.80585795	0.977626846
d__Bacteria.p__Pseudomonadota.c__Gammaproteobacteria.o__Burkholderiales.f__Burkholderiaceae.g__Parasutterella.s__Parasutterella.sp900552195	Group_and_sex	PD_Male	0.051349409	0.21588084	100	30	0.812486309	0.977626846
d__Bacteria.p__Pseudomonadota.c__Gammaproteobacteria.o__Burkholderiales.f__Burkholderiaceae.g__Sutterella.s__Sutterella.wadsworthensis	Group_and_sex	PD_Male	-0.084398364	0.139715316	100	12	0.547190434	0.977626846
d__Bacteria.p__Verrucomicrobiota.c__Verrucomicrobiae.o__Verrucomicrobiales.f__Akkermansiaceae.g__Akkermansia.s__Akkermansia.biwaensis	Group_and_sex	PD_Male	-0.086518997	0.351134231	100	12	0.80588903	0.977626846
d__Bacteria.p__Verrucomicrobiota.c__Verrucomicrobiae.o__Verrucomicrobiales.f__Akkermansiaceae.g__Akkermansia.s__Akkermansia.muciniphila_F	Group_and_sex	PD_Male	-0.135702303	0.364119343	100	15	0.710186721	0.977626846
d__Bacteria.p__Bacillota_A.c__Clostridia.o__Lachnospirales.f__Lachnospiraceae.g__Lachnospira.s__Lachnospira.eligens	Group_and_sex	PD_Male	0.060945549	0.334108465	100	56	0.855635855	0.979044873
d__Bacteria.p__Bacillota_I.c__Bacilli_A.o__Erysipelotrichales.f__Erysipelotrichaceae.g__Longicatena.s__Longicatena.caecimuris	Group_and_sex	PD_Male	0.030590535	0.175571089	100	21	0.862040627	0.983222057
d__Bacteria.p__Actinomycetota.c__Actinomycetes.o__Actinomycetales.f__Bifidobacteriaceae.g__Bifidobacterium.s__Bifidobacterium.adolescentis	Group_and_sex	PD_Male	0.07252388	0.503674604	100	50	0.885804404	0.990248445
d__Bacteria.p__Bacillota_A.c__Clostridia.o__Christensenellales.f__UMGS416.g__Parachristensenella.s__Parachristensenella.sp900542005	Group_and_sex	PD_Male	-0.015613389	0.113646583	100	12	0.89100799	0.990248445
d__Bacteria.p__Bacillota_A.c__Clostridia.o__Lachnospirales.f__Bianqueaceae.g__Faecimorpha.s__Faecimorpha.sp937892735	Group_and_sex	PD_Male	0.01410015	0.108485009	100	11	0.896853992	0.990248445
d__Bacteria.p__Bacillota_A.c__Clostridia.o__Lachnospirales.f__Lachnospiraceae.g__Lachnospira.s__Lachnospira.hominis	Group_and_sex	PD_Male	-0.019979422	0.12739266	100	20	0.875698815	0.990248445
d__Bacteria.p__Bacillota_A.c__Clostridia.o__Oscillospirales.f__Oscillospiraceae.g__CAG.170.s__CAG.170.sp002404795	Group_and_sex	PD_Male	0.02861468	0.196751402	100	24	0.884665584	0.990248445
d__Bacteria.p__Bacillota_A.c__Clostridia.o__Oscillospirales.f__Oscillospiraceae.g__Evtepia.s__Evtepia.sp004556345	Group_and_sex	PD_Male	0.019404602	0.133476519	100	11	0.884710717	0.990248445
d__Bacteria.p__Bacillota_A.c__Clostridia.o__Oscillospirales.f__Oscillospiraceae.g__F23.B02.s__F23.B02.sp001916715	Group_and_sex	PD_Male	0.043563153	0.341356154	100	22	0.898712874	0.990248445
d__Bacteria.p__Bacillota_A.c__Clostridia.o__Oscillospirales.f__Ruminococcaceae.g__Massiliimalia.s__Massiliimalia.massiliensis	Group_and_sex	PD_Male	0.018602054	0.123301658	100	13	0.880391359	0.990248445
d__Bacteria.p__Bacillota_A.c__Clostridia.o__Oscillospirales.f__UBA644.g__UBA644.s__UBA644.sp900547165	Group_and_sex	PD_Male	-0.015784793	0.117706174	100	11	0.893595863	0.990248445
d__Bacteria.p__Bacillota_A.c__Clostridia.o__Peptostreptococcales.f__Anaerovoracaceae.g__Lentihominibacter.s__Lentihominibacter.excrementipullorum	Group_and_sex	PD_Male	0.023296795	0.171840339	100	24	0.892437467	0.990248445
d__Bacteria.p__Bacillota_A.c__Clostridia.o__Peptostreptococcales.f__Peptostreptococcaceae.g__Romboutsia.s__Romboutsia.timonensis	Group_and_sex	PD_Male	0.041367068	0.273258034	100	57	0.8799835	0.990248445
d__Bacteria.p__Bacillota_A.c__Clostridia.o__Christensenellales.f__QAND01.g__UMGS1975.s__UMGS1975.sp959600905	Group_and_sex	PD_Male	-0.017882977	0.161488032	100	21	0.912050021	0.993521434
d__Bacteria.p__Bacillota_A.c__Clostridia.o__Lachnospirales.f__Lachnospiraceae.g__Blautia_A.s__Blautia_A.sp900120195	Group_and_sex	PD_Male	0.025165844	0.21487316	100	25	0.907005024	0.993521434
d__Bacteria.p__Bacillota_A.c__Clostridia.o__Oscillospirales.f__Ruminococcaceae.g__Zongyangia.s__Zongyangia.gallinarum	Group_and_sex	PD_Male	0.015992666	0.139822881	100	17	0.909172139	0.993521434
d__Bacteria.p__Bacillota_C.c__Negativicutes.o__Veillonellales.f__Dialisteraceae.g__Dialister.s__Dialister.invisus	Group_and_sex	PD_Male	-0.034495345	0.314247347	100	31	0.912815211	0.993521434
d__Bacteria.p__Bacillota_A.c__Clostridia.o__Christensenellales.f__Aristaeellaceae.g__Faecivicinus.s__Faecivicinus.avistercoris	Group_and_sex	PD_Male	-0.018532819	0.178719607	100	20	0.91762114	0.995716556
d__Archaea.p__Methanobacteriota.c__Methanobacteria.o__Methanobacteriales.f__Methanobacteriaceae.g__Methanobrevibacter_A.s__Methanobrevibacter_A.smithii	Group_and_sex	PD_Male	0.022318317	0.422031634	100	37	0.957932745	0.99770441
d__Bacteria.p__Actinomycetota.c__Coriobacteriia.o__Coriobacteriales.f__Eggerthellaceae.g__Anaerotardibacter.s__Anaerotardibacter.sp000436075	Group_and_sex	PD_Male	0.015859493	0.255394395	100	25	0.950611228	0.99770441
d__Bacteria.p__Bacillota.c__Bacilli.o__Lactobacillales.f__Streptococcaceae.g__Streptococcus.s__Streptococcus.parasanguinis_G	Group_and_sex	PD_Male	0.010465706	0.254476323	100	40	0.967278766	0.99770441
d__Bacteria.p__Bacillota.c__Bacilli.o__Lactobacillales.f__Streptococcaceae.g__Streptococcus.s__Streptococcus.sp902463925	Group_and_sex	PD_Male	-0.003034164	0.225524504	100	19	0.989293088	0.99770441
d__Bacteria.p__Bacillota_A.c__Clostridia.o__Christensenellales.f__Aristaeellaceae.g__RUG11247.s__RUG11247.sp902767315	Group_and_sex	PD_Male	0.007501111	0.098914093	100	12	0.939705279	0.99770441
d__Bacteria.p__Bacillota_A.c__Clostridia.o__Christensenellales.f__Aristaeellaceae.g__Ventricola.s__Ventricola.sp900548125	Group_and_sex	PD_Male	0.004591547	0.134042192	100	13	0.972743887	0.99770441
d__Bacteria.p__Bacillota_A.c__Clostridia.o__Christensenellales.f__CAG.138.g__PeH17.s__PeH17.sp000435055	Group_and_sex	PD_Male	-0.006343142	0.329672726	100	34	0.984688189	0.99770441
d__Bacteria.p__Bacillota_A.c__Clostridia.o__Lachnospirales.f__Lachnospiraceae.g__Anaerobutyricum.s__Anaerobutyricum.soehngenii	Group_and_sex	PD_Male	0.013229596	0.374857814	100	60	0.971918447	0.99770441
d__Bacteria.p__Bacillota_A.c__Clostridia.o__Lachnospirales.f__Lachnospiraceae.g__Anaerostipes.s__	Group_and_sex	PD_Male	0.016903688	0.351209427	100	86	0.961710637	0.99770441
d__Bacteria.p__Bacillota_A.c__Clostridia.o__Lachnospirales.f__Lachnospiraceae.g__Blautia_A.s__Blautia_A.caecimuris	Group_and_sex	PD_Male	0.008559833	0.348176481	100	28	0.980436172	0.99770441
d__Bacteria.p__Bacillota_A.c__Clostridia.o__Lachnospirales.f__Lachnospiraceae.g__Clostridium_AP.s__Clostridium_AP.scindens	Group_and_sex	PD_Male	0.012431715	0.184900419	100	25	0.946531882	0.99770441
d__Bacteria.p__Bacillota_A.c__Clostridia.o__Lachnospirales.f__Lachnospiraceae.g__Dorea.s__Dorea.formicigenerans	Group_and_sex	PD_Male	0.0237843	0.270015335	100	72	0.929988869	0.99770441
d__Bacteria.p__Bacillota_A.c__Clostridia.o__Lachnospirales.f__Lachnospiraceae.g__Eubacterium_G.s__Eubacterium_G.ventriosum	Group_and_sex	PD_Male	0.012878544	0.230471251	100	36	0.955551825	0.99770441
d__Bacteria.p__Bacillota_A.c__Clostridia.o__Lachnospirales.f__Lachnospiraceae.g__Eubacterium_I.s__Eubacterium_I.ramulus_A	Group_and_sex	PD_Male	-0.000648804	0.138442259	100	14	0.996270285	0.99770441
d__Bacteria.p__Bacillota_A.c__Clostridia.o__Lachnospirales.f__Lachnospiraceae.g__Oliverpabstia.s__Oliverpabstia.intestinalis	Group_and_sex	PD_Male	0.003374901	0.342315502	100	63	0.992153797	0.99770441
d__Bacteria.p__Bacillota_A.c__Clostridia.o__Oscillospirales.f__Acutalibacteraceae.g__Acutalibacter.s__Acutalibacter.timonensis	Group_and_sex	PD_Male	0.007114831	0.314278407	100	42	0.981984564	0.99770441
d__Bacteria.p__Bacillota_A.c__Clostridia.o__Oscillospirales.f__Acutalibacteraceae.g__Hominenteromicrobium.s__Hominenteromicrobium.mulieris	Group_and_sex	PD_Male	-0.013282703	0.348157333	100	73	0.969644551	0.99770441
d__Bacteria.p__Bacillota_A.c__Clostridia.o__Oscillospirales.f__Acutalibacteraceae.g__Pseudoruminococcus.s__Pseudoruminococcus.massiliensis	Group_and_sex	PD_Male	0.026527746	0.290918708	100	16	0.927530836	0.99770441
d__Bacteria.p__Bacillota_A.c__Clostridia.o__Oscillospirales.f__Acutalibacteraceae.g__UBA737.s__UBA737.sp900549055	Group_and_sex	PD_Male	0.004154972	0.133467212	100	11	0.975228354	0.99770441
d__Bacteria.p__Bacillota_A.c__Clostridia.o__Oscillospirales.f__Butyricicoccaceae.g__Agathobaculum.s__Agathobaculum.hominis	Group_and_sex	PD_Male	0.01808479	0.224042393	100	25	0.935828938	0.99770441
d__Bacteria.p__Bacillota_A.c__Clostridia.o__Oscillospirales.f__Oscillospiraceae.g__Hominicoprocola.s__Hominicoprocola.sp900317525	Group_and_sex	PD_Male	0.004641236	0.267337768	100	42	0.986183964	0.99770441
d__Bacteria.p__Bacillota_A.c__Clostridia.o__Oscillospirales.f__Oscillospiraceae.g__Lawsonibacter.s__Lawsonibacter.sp900066825	Group_and_sex	PD_Male	-0.003341886	0.149333899	100	13	0.982191439	0.99770441
d__Bacteria.p__Bacillota_A.c__Clostridia.o__Oscillospirales.f__Ruminococcaceae.g__Gemmiger.s__Gemmiger.sp900540595	Group_and_sex	PD_Male	-0.006047263	0.241929569	100	20	0.980109011	0.99770441
d__Bacteria.p__Bacteroidota.c__Bacteroidia.o__Bacteroidales.f__Bacteroidaceae.g__Phocaeicola.s__Phocaeicola.massiliensis	Group_and_sex	PD_Male	-0.000696032	0.241305003	100	23	0.99770441	0.99770441
d__Bacteria.p__Bacteroidota.c__Bacteroidia.o__Bacteroidales.f__Marinifilaceae.g__Odoribacter.s__Odoribacter.splanchnicus	Group_and_sex	PD_Male	0.012097649	0.25688655	100	61	0.962534663	0.99770441
d__Bacteria.p__Bacteroidota.c__Bacteroidia.o__Bacteroidales.f__Rikenellaceae.g__Alistipes_A.s__Alistipes_A.hominis	Group_and_sex	PD_Male	0.002490002	0.173477498	100	24	0.988577169	0.99770441
d__Bacteria.p__Bacteroidota.c__Bacteroidia.o__Bacteroidales.f__Tannerellaceae.g__Parabacteroides.s__Parabacteroides.merdae	Group_and_sex	PD_Male	-0.007711545	0.2810033	100	57	0.978162288	0.99770441
d__Bacteria.p__Verrucomicrobiota.c__Verrucomicrobiae.o__Verrucomicrobiales.f__Akkermansiaceae.g__Akkermansia.s__Akkermansia.muciniphila	Group_and_sex	PD_Male	0.00598236	0.464893946	100	39	0.989759085	0.99770441