feature	metadata	value	coef	stderr	N	N.not.0	pval	qval
d__Bacteria.p__Bacillota_A.c__Clostridia.o__Lachnospirales.f__Lachnospiraceae.g__Brotaphodocola.s__Brotaphodocola.sp003478505	Group	PD	-0.482022722038924	0.0892719125084656	146	22	2.86648272250801e-07	0.000321619361465399
d__Bacteria.p__Bacillota_A.c__Clostridia.o__Lachnospirales.f__Lachnospiraceae.g__Anthropogastromicrobium.s__Anthropogastromicrobium.sp934292725	Group	PD	-1.69889305799108	0.33670944973691	146	94	1.41065038995395e-06	0.000527583245842778
d__Bacteria.p__Bacillota_A.c__Clostridia.o__Lachnospirales.f__Lachnospiraceae.g__Hominiventricola.s__Hominiventricola.sp003480725	Group	PD	-0.683886318777383	0.13550285914553	146	40	1.4016649861249e-06	0.000527583245842778
d__Bacteria.p__Bacillota_A.c__Clostridia.o__Lachnospirales.f__Lachnospiraceae.g__Roseburia_B.s__Roseburia_B.zhanii	Group	PD	-0.568391575596739	0.120429512649341	146	20	5.76251351726799e-06	0.00161638504159367
d__Bacteria.p__Bacillota_A.c__Clostridia.o__Lachnospirales.f__Lachnospiraceae.g__Brotaphodocola.s__Brotaphodocola.sp003480315	Group	PD	-0.436867275534055	0.0966297741085935	146	21	1.31891966650628e-05	0.0029596557316401
d__Bacteria.p__Bacillota_A.c__Clostridia.o__Oscillospirales.f__Ruminococcaceae.g__Faecalibacterium.s__Faecalibacterium.sp934514285	Group	PD	-1.40895551479441	0.323894456307561	146	96	2.63945384665418e-05	0.00493577869324332
d__Bacteria.p__Bacillota_A.c__Clostridia.o__Lachnospirales.f__Lachnospiraceae.g__Hominisplanchenecus.s__Hominisplanchenecus.faecis	Group	PD	-1.12876728240007	0.27833669215469	146	65	8.35772560941482e-05	0.0133962401910906
d__Bacteria.p__Bacillota_A.c__Clostridia.o__Oscillospirales.f__Ruminococcaceae.g__Ruthenibacterium.s__Ruthenibacterium.lactatiformans	Group	PD	0.933178686468337	0.236656539737628	146	111	0.000127750454257093	0.0179170012095572
d__Bacteria.p__Bacillota_A.c__Clostridia.o__Lachnospirales.f__Lachnospiraceae.g__Fusicatenibacter.s__Fusicatenibacter.saccharivorans	Group	PD	-1.13371242852333	0.308105963209346	146	132	0.000334798116062365	0.0417381651357749
d__Bacteria.p__Bacillota_A.c__Clostridia.o__Lachnospirales.f__Lachnospiraceae.g__UBA3402.s__UBA3402.sp003478355	Group	PD	-0.531403919083345	0.146461609815358	146	29	0.000401693163931004	0.0450699729930586
d__Bacteria.p__Bacillota_A.c__Clostridia.o__Lachnospirales.f__Lachnospiraceae.g__Eubacterium_F.s__Eubacterium_F.sp003491505	Group	PD	-1.00697480271737	0.280910532287034	146	83	0.000468230596137318	0.0477595208060064
d__Bacteria.p__Bacillota_A.c__Clostridia.o__Lachnospirales.f__Lachnospiraceae.g__Agathobacter.s__Agathobacter.rectalis	Group	PD	-1.49539265137849	0.43596322714609	146	110	0.000797670392010688	0.0745821816529994
d__Bacteria.p__Actinomycetota.c__Coriobacteriia.o__Coriobacteriales.f__Eggerthellaceae.g__Eggerthella.s__Eggerthella.lenta	Sex_Male1_Female2	Female	0.770719338187353	0.230413192720087	146	64	0.00106196302931886	0.0903727172935094
d__Bacteria.p__Bacillota_A.c__Clostridia.o__Lachnospirales.f__Lachnospiraceae.g__Anaerostipes.s__	Group	PD	-0.9757561820183	0.295142777020492	146	132	0.00120819140766724	0.0903727172935094
d__Bacteria.p__Bacillota_A.c__Clostridia.o__Lachnospirales.f__Lachnospiraceae.g__Schaedlerella.s__Schaedlerella.hominis	BMI	BMI	0.135335182924526	0.040912724813328	146	15	0.00120082444285246	0.0903727172935094
d__Bacteria.p__Bacillota.c__Bacilli.o__Lactobacillales.f__Streptococcaceae.g__Streptococcus.s__Streptococcus.mutans	Group	PD	0.659868155458744	0.203476176945972	146	24	0.00148585710225255	0.10030230986155
d__Bacteria.p__Bacteroidota.c__Bacteroidia.o__Bacteroidales.f__Rikenellaceae.g__Alistipes.s__Alistipes.onderdonkii	Group	PD	1.10041232613962	0.340048170687396	146	106	0.00151973196759924	0.10030230986155
d__Bacteria.p__Bacillota_A.c__Clostridia.o__Oscillospirales.f__Ruminococcaceae.g__Faecalibacterium.s__Faecalibacterium.sp900539945	Group	PD	-0.895654680014402	0.27987015338729	146	80	0.00170655626449993	0.106375340487162
d__Bacteria.p__Bacillota_A.c__Clostridia.o__Oscillospirales.f__Ruminococcaceae.g__CAG.115.s__CAG.115.sp003531585	Group	PD	-0.442312053351459	0.139004888398882	146	20	0.00180988624873699	0.106878545846469
d__Bacteria.p__Actinomycetota.c__Actinomycetes.o__Actinomycetales.f__Bifidobacteriaceae.g__Bifidobacterium.s__Bifidobacterium.infantis	Group	PD	1.38332449489663	0.44071939278664	146	87	0.00207791238612785	0.111019890344545
d__Bacteria.p__Bacillota_A.c__Clostridia.o__Oscillospirales.f__Ruminococcaceae.g__Gemmiger.s__Gemmiger.sp900539695	Group	PD	-0.579758445927999	0.184679678186739	146	65	0.00207475839466778	0.111019890344545
d__Bacteria.p__Bacillota_A.c__Clostridia.o__Lachnospirales.f__Lachnospiraceae.g__Eubacterium_I.s__Eubacterium_I.ramulus	BMI	BMI	0.322128347558674	0.10343271247026	146	77	0.00224519365133453	0.114504876218061
d__Bacteria.p__Bacillota_A.c__Clostridia.o__Lachnospirales.f__Lachnospiraceae.g__Mediterraneibacter.s__Mediterraneibacter.faecis	BMI	BMI	0.461448738752284	0.149728136468347	146	112	0.00248701599978576	0.120551982153478
d__Bacteria.p__Bacillota_A.c__Clostridia.o__Lachnospirales.f__Lachnospiraceae.g__Otoolea.s__Otoolea.fessa	Group	PD	-0.662207187181885	0.215676864136541	146	84	0.00257865202467332	0.120551982153478
d__Bacteria.p__Bacillota_A.c__Clostridia.o__Lachnospirales.f__Lachnospiraceae.g__Alitiscatomonas.s__Alitiscatomonas.sp900066535	Group	PD	-0.519230875384651	0.173621435574548	146	40	0.00330230860420168	0.132328223354082
d__Bacteria.p__Bacillota_A.c__Clostridia.o__Lachnospirales.f__Lachnospiraceae.g__Butyribacter.s__Butyribacter.intestini	Group	PD	-0.538035748363248	0.179803138865975	146	24	0.00328442209778277	0.132328223354082
d__Bacteria.p__Bacillota_A.c__Clostridia.o__Lachnospirales.f__Lachnospiraceae.g__Enterocloster.s__Enterocloster.sp900541315	Group	PD	-0.498429228352885	0.1662416073272	146	35	0.0032257615093607	0.132328223354082
d__Bacteria.p__Bacillota_A.c__Clostridia.o__Lachnospirales.f__Lachnospiraceae.g__Pararoseburia.s__Pararoseburia.lenta	Group	PD	-0.3785835728974	0.126573924245599	146	18	0.00329809606240751	0.132328223354082
d__Bacteria.p__Bacillota_A.c__Clostridia.o__Lachnospirales.f__Lachnospiraceae.g__Ruminococcus_B.s__Ruminococcus_B.gnavus	Group	PD	0.973371951722903	0.33248699583232	146	49	0.00400176995463996	0.150301613400764
d__Bacteria.p__Bacillota_A.c__Clostridia.o__Oscillospirales.f__Ruminococcaceae.g__Faecalibacterium.s__Faecalibacterium.prausnitzii_I	Group	PD	-0.635786685434758	0.217277723296332	146	63	0.00401875971659796	0.150301613400764
d__Bacteria.p__Bacillota_A.c__Clostridia.o__Lachnospirales.f__Lachnospiraceae.g__Clostridium_AP.s__Clostridium_AP.scindens	Group	PD	0.41873682499034	0.145832279067197	146	27	0.00473722744760849	0.161164545751012
d__Bacteria.p__Bacillota_A.c__Clostridia.o__Oscillospirales.f__Oscillospiraceae.g__UMGS1766.s__UMGS1766.sp959602365	Group	PD	0.35598571527932	0.123987012049184	146	20	0.00474013369855918	0.161164545751012
d__Bacteria.p__Bacillota_I.c__Bacilli_A.o__RF39.f__UBA660.g__CAG.302.s__CAG.302.sp934162325	BMI	BMI	0.251880072287241	0.0875336214980999	146	21	0.00465088763199957	0.161164545751012
d__Bacteria.p__Actinomycetota.c__Actinomycetes.o__Actinomycetales.f__Bifidobacteriaceae.g__Bifidobacterium.s__Bifidobacterium.animalis_B	Sex_Male1_Female2	Female	0.711253840962841	0.249572981989034	146	27	0.00504958470819486	0.163777489418485
d__Bacteria.p__Bacillota.c__Bacilli.o__Lactobacillales.f__Streptococcaceae.g__Lactococcus.s__Lactococcus.lactis	Group	PD	0.576875021384458	0.203381418799425	146	42	0.00525489270861449	0.163777489418485
d__Bacteria.p__Bacillota_A.c__Clostridia.o__Oscillospirales.f__Acutalibacteraceae.g__CAG.177.s__CAG.177.sp003514385	Group	PD	0.707833487288179	0.249413543571588	146	30	0.00523053595703911	0.163777489418485
d__Bacteria.p__Actinomycetota.c__Coriobacteriia.o__Coriobacteriales.f__Eggerthellaceae.g__Eggerthella.s__Eggerthella.lenta	Group	PD	0.670794053754822	0.24556258897805	146	64	0.0071316795397946	0.167994104171017
d__Bacteria.p__Bacillota.c__Bacilli.o__Lactobacillales.f__Streptococcaceae.g__Lactococcus.s__Lactococcus.lactis	BMI	BMI	0.255138908682669	0.093982699538321	146	42	0.00748636827856581	0.167994104171017
d__Bacteria.p__Bacillota.c__Bacilli.o__Lactobacillales.f__Streptococcaceae.g__Streptococcus.s__Streptococcus.thermophilus	Group	PD	0.775898364248091	0.277780905029731	146	75	0.0059664756960803	0.167994104171017
d__Bacteria.p__Bacillota_A.c__Clostridia.o__Christensenellales.f__Aristaeellaceae.g__Ventricola.s__Ventricola.sp900542445	Group	PD	-0.681704636739253	0.242137945858838	146	80	0.00559141470589358	0.167994104171017
d__Bacteria.p__Bacillota_A.c__Clostridia.o__Lachnospirales.f__Lachnospiraceae.g__Alitiscatomonas.s__Alitiscatomonas.sp900066785	Group	PD	-0.408018548095168	0.149973706150853	146	24	0.00736180685354608	0.167994104171017
d__Bacteria.p__Bacillota_A.c__Clostridia.o__Lachnospirales.f__Lachnospiraceae.g__Blautia.s__Blautia.celeris	Group	PD	0.40062707280722	0.147198053912447	146	25	0.0073389036754814	0.167994104171017
d__Bacteria.p__Bacillota_A.c__Clostridia.o__Lachnospirales.f__Lachnospiraceae.g__Eubacterium_G.s__Eubacterium_G.ventriosum	Group	PD	-0.570857697537855	0.207344629922748	146	66	0.00670257645190908	0.167994104171017
d__Bacteria.p__Bacillota_A.c__Clostridia.o__Lachnospirales.f__Lachnospiraceae.g__Mediterraneibacter.s__Mediterraneibacter.sp900541505	Group	PD	0.331757701528977	0.12002095064999	146	22	0.00649277051529767	0.167994104171017
d__Bacteria.p__Bacillota_A.c__Clostridia.o__Lachnospirales.f__Lachnospiraceae.g__Roseburia.s__Roseburia.inulinivorans	Group	PD	-0.648594399647128	0.23625450432058	146	78	0.00685654369739355	0.167994104171017
d__Bacteria.p__Bacillota_A.c__Clostridia.o__Monoglobales.f__Monoglobaceae.g__Monoglobus.s__Monoglobus.pectinilyticus	Sex_Male1_Female2	Female	0.619436922793324	0.223775050869056	146	62	0.00641862460128823	0.167994104171017
d__Bacteria.p__Bacillota_A.c__Clostridia.o__Oscillospirales.f__Oscillospiraceae.g__Dysosmobacter.s__Dysosmobacter.segnis	Sex_Male1_Female2	Female	-0.733069423446728	0.26774763435141	146	77	0.00700456790715462	0.167994104171017
d__Bacteria.p__Bacillota_A.c__Clostridia.o__Oscillospirales.f__Ruminococcaceae.g__Faecalibacterium.s__Faecalibacterium.sp900758465	Group	PD	-0.483009541810754	0.176357487859514	146	36	0.0069864830264512	0.167994104171017
d__Bacteria.p__Bacillota_A.c__Clostridia.o__Oscillospirales.f__Ruminococcaceae.g__Ruminiclostridium_E.s__Ruminiclostridium_E.siraeum	Sex_Male1_Female2	Female	-0.913282995586951	0.330269827839921	146	72	0.00647212062448855	0.167994104171017
d__Bacteria.p__Bacillota_A.c__Clostridia.o__Peptostreptococcales.f__Peptostreptococcaceae.g__Intestinibacter.s__Intestinibacter.sp900540355	BMI	BMI	0.168004657611245	0.0614195670838666	146	18	0.00705620982517749	0.167994104171017
d__Bacteria.p__Bacillota_A.c__Clostridia.o__Lachnospirales.f__Lachnospiraceae.g__Limivivens.s__Limivivens.sp934393555	Group	PD	-0.389420184800004	0.144036011989888	146	34	0.00772795791108304	0.169019802641628
d__Bacteria.p__Bacillota_A.c__Clostridia.o__Oscillospirales.f__Acutalibacteraceae.g__Eubacterium_R.s__Eubacterium_R.sp000434995	BMI	BMI	0.223267139140811	0.0827258254525639	146	25	0.00783335983722341	0.169019802641628
d__Bacteria.p__Bacillota_A.c__Clostridia.o__Lachnospirales.f__Lachnospiraceae.g__JAGTTR01.s__JAGTTR01.sp018223385	Group	PD	-0.226833061416293	0.0852110338054747	146	15	0.00869670552219764	0.182567380020806
d__Bacteria.p__Bacillota_A.c__Clostridia.o__Peptostreptococcales.f__Anaerovoracaceae.g__Emergencia.s__Emergencia.timonensis	Group	PD	0.227931852413196	0.0859519565965003	146	15	0.00894938137356894	0.182567380020806
d__Bacteria.p__Bacillota_A.c__Clostridia.o__UBA1381.f__UBA1381.g__Hominilimicola.s__Hominilimicola.fabiformis	Group	PD	-0.59936471140988	0.225590261935988	146	116	0.00882372613943115	0.182567380020806
d__Bacteria.p__Bacillota_A.c__Clostridia.o__Lachnospirales.f__Lachnospiraceae.g__Gallintestinimicrobium.s__Gallintestinimicrobium.propionicum	Group	PD	-0.537850240418374	0.208065483754828	146	75	0.010783064580255	0.195138684823324
d__Bacteria.p__Bacillota_A.c__Clostridia.o__Lachnospirales.f__Lachnospiraceae.g__Lachnoclostridium_B.s__Lachnoclostridium_B.ammoniilytica	Sex_Male1_Female2	Female	0.423293079999246	0.163575447344849	146	85	0.0107014324328671	0.195138684823324
d__Bacteria.p__Bacillota_A.c__Clostridia.o__Oscillospirales.f__Acutalibacteraceae.g__Clostridium_A.s__Clostridium_A.leptum	Group	PD	0.609383215261971	0.233593834056534	146	66	0.0100967879357538	0.195138684823324
d__Bacteria.p__Bacillota_A.c__Clostridia.o__Oscillospirales.f__Acutalibacteraceae.g__Clostridium_A.s__Clostridium_A.leptum	BMI	BMI	0.279123804101788	0.107943878303801	146	66	0.0107587001172866	0.195138684823324
d__Bacteria.p__Bacillota_A.c__Clostridia.o__Peptostreptococcales.f__Anaerovoracaceae.g__Lentihominibacter.s__Lentihominibacter.faecis	Group	PD	0.472527621373366	0.181556073505649	146	71	0.0102686916439599	0.195138684823324
d__Bacteria.p__Bacillota_A.c__Clostridia.o__TANB77.f__CAG.508.g__CAG.269.s__CAG.269.sp000431335	Sex_Male1_Female2	Female	-0.381337991869357	0.147330672240005	146	18	0.0106848969732061	0.195138684823324
d__Bacteria.p__Bacillota_A.c__Clostridia.o__TANB77.f__CAG.508.g__CAG.273.s__CAG.273.sp003534295	BMI	BMI	0.258974737853551	0.0993949850652262	146	19	0.0101875290127029	0.195138684823324
d__Bacteria.p__Bacillota_A.c__Clostridia.o__Lachnospirales.f__Lachnospiraceae.g__Blautia_A.s__Blautia_A.wexlerae_B	Group	PD	-0.833546436734537	0.324121468519353	146	138	0.011185691273756	0.199211835065941
d__Bacteria.p__Bacillota_A.c__Clostridia.o__Lachnospirales.f__Anaerotignaceae.g__Anaerotignum.s__Anaerotignum.faecicola	Group	PD	-0.491288898148025	0.192909308436615	146	48	0.0119787205700118	0.207434567917773
d__Bacteria.p__Bacillota_A.c__Clostridia.o__Lachnospirales.f__Lachnospiraceae.g__Blautia_A.s__Blautia_A.sp934424005	Sex_Male1_Female2	Female	-0.768563755893598	0.303246455696152	146	122	0.0123869127009722	0.207434567917773
d__Bacteria.p__Bacillota_A.c__Clostridia.o__Lachnospirales.f__Lachnospiraceae.g__Hominiventricola.s__Hominiventricola.filiformis	Group	PD	-0.407537627350111	0.160708394447267	146	41	0.0123387536287938	0.207434567917773
d__Bacteria.p__Bacillota_A.c__Clostridia.o__Oscillospirales.f__Ruminococcaceae.g__Faecalibacterium.s__Faecalibacterium.sp905215595	Group	PD	-0.863865811489028	0.339423021940658	146	108	0.0120323276639084	0.207434567917773
d__Bacteria.p__Bacillota_A.c__Clostridia.o__Lachnospirales.f__Lachnospiraceae.g__Dorea.s__Dorea.formicigenerans	BMI	BMI	0.255095231145793	0.100974867880648	146	113	0.0126638597619923	0.208953686072873
d__Bacteria.p__Bacillota_A.c__Clostridia.o__Lachnospirales.f__Lachnospiraceae.g__Sellimonas.s__Sellimonas.intestinalis	Group	PD	0.498080781762826	0.199423207146322	146	32	0.0136871740021634	0.219385846148961
d__Bacteria.p__Bacillota_I.c__Bacilli_A.o__Erysipelotrichales.f__Coprobacillaceae.g__Faecalibacillus.s__Faecalibacillus.intestinalis	Group	PD	-0.613161510805866	0.245231657458377	146	87	0.0135868487654256	0.219385846148961
d__Bacteria.p__Bacillota_A.c__Clostridia.o__Lachnospirales.f__Lachnospiraceae.g__Limivivens.s__Limivivens.faecihominis	Group	PD	-0.445298779201572	0.17945931124432	146	75	0.0142992063195468	0.224440820962574
d__Bacteria.p__Bacillota_A.c__Clostridia.o__Oscillospirales.f__Ruminococcaceae.g__Faecalibacterium.s__Faecalibacterium.sp900539885	Group	PD	-0.641869351492031	0.258959475276012	146	53	0.0144026195270101	0.224440820962574
d__Bacteria.p__Bacillota_A.c__Clostridia.o__Lachnospirales.f__Lachnospiraceae.g__Dorea_A.s__Dorea_A.longicatena	BMI	BMI	0.386369735520285	0.157582368939548	146	93	0.0154703636261782	0.237777369706465
d__Bacteria.p__Bacillota_A.c__Clostridia.o__Oscillospirales.f__Acutalibacteraceae.g__Clostridium_A.s__Clostridium_A.leptum	Sex_Male1_Female2	Female	0.535078837503543	0.219182821490383	146	66	0.0159125485114632	0.241268640944076
